Country,Year,Status,Adult Mortality,Alcohol, BMI ,Polio,Diphtheria , HIV/AIDS,GDP,Predicted Life Expectancy
Syrian Arab Republic,2006,Developing,123.0,0.97,48.5,83.0,8.0,0.1,1762.24617,73.3355
Croatia,2006,Developed,113.0,11.83,58.1,96.0,96.0,0.1,11363.41845,76.26799999999994
Montenegro,2007,Developing,125.0,4.98,57.2,92.0,92.0,0.1,5957.145693,75.17249999999986
Bahrain,2014,Developing,7.0,1.57,62.9,98.0,98.0,0.1,24983.3792,78.196
Kenya,2000,Developing,428.0,1.51,14.4,8.0,82.0,18.1,43.9797132,50.96549999999996
Chad,2008,Developing,394.0,0.45,16.4,3.0,19.0,4.7,929.772391,53.18549999999998
Solomon Islands,2005,Developing,24.0,0.9,42.1,9.0,89.0,0.1,88.874858,66.06650000000002
Peru,2008,Developing,138.0,4.85,5.8,93.0,93.0,0.3,428.87811,74.20149999999997
Bosnia and Herzegovina,2014,Developing,89.0,4.03,55.3,86.0,86.0,0.1,5193.94932,77.20149999999995
Swaziland,2011,Developing,438.0,5.2,3.2,85.0,91.0,15.7,3934.27325,55.41949999999999
Cameroon,2000,Developing,394.0,3.91,2.9,57.0,62.0,7.7,68.414399,53.00050000000001
Côte d'Ivoire,2015,Developing,397.0,3.91,28.0,81.0,83.0,1.9,68.414399,50.91350000000001
Guinea,2011,Developing,29.0,0.22,21.2,63.0,63.0,2.0,459.2912,57.46699999999994
Maldives,2006,Developing,88.0,1.62,18.7,98.0,98.0,0.1,4428.522898,75.64749999999995
Uzbekistan,2013,Developing,185.0,0.01,43.0,99.0,99.0,0.1,197.551233,70.18599999999995
Haiti,2009,Developing,251.0,5.85,43.0,65.0,65.0,2.0,668.297646,63.00699999999992
Madagascar,2000,Developing,283.0,1.16,13.9,58.0,57.0,0.6,245.939659,58.405000000000044
Germany,2004,Developed,86.0,11.83,57.1,96.0,96.0,0.1,34165.9343,79.10200000000012
Dominican Republic,2000,Developing,176.0,6.58,43.1,71.0,78.0,2.5,282.4242,69.411
Norway,2001,Developed,82.0,5.49,54.0,91.0,91.0,0.1,38549.58934,77.65700000000001
Netherlands,2004,Developed,77.0,9.56,55.0,98.0,98.0,0.1,39954.64222,80.29699999999994
New Zealand,2011,Developed,72.0,9.47,65.3,95.0,95.0,0.1,38426.5581,86.10349999999998
Nicaragua,2009,Developing,163.0,3.36,49.4,99.0,98.0,0.2,1464.497754,72.46099999999997
Micronesia (Federated States of),2001,Developing,183.0,2.82,62.0,79.0,75.0,0.1,1464.497754,73.07649999999997
Belize,2015,Developing,175.0,2.82,5.9,94.0,94.0,0.2,4849.997495,69.9824999999999
Dominican Republic,2004,Developing,214.0,5.16,47.2,66.0,79.0,2.1,2421.9662,66.87199999999999
Sierra Leone,2015,Developing,413.0,5.16,24.4,86.0,86.0,0.5,587.538233,58.71200000000002
Bhutan,2007,Developing,238.0,0.16,18.0,93.0,95.0,0.3,1741.142552,64.2355
Norway,2013,Developed,62.0,6.21,6.3,94.0,94.0,0.1,1291.435,81.14200000000012
Nicaragua,2014,Developing,148.0,3.55,53.2,99.0,98.0,0.1,1975.46477,74.42750000000001
Philippines,2005,Developing,223.0,4.22,2.1,9.0,89.0,0.1,1194.697155,67.2254999999999
Georgia,2007,Developing,12.0,8.65,49.9,88.0,98.0,0.1,2492.12878,75.53150000000008
Bosnia and Herzegovina,2004,Developing,99.0,4.25,49.9,87.0,84.0,0.1,265.642661,75.78049999999996
Honduras,2004,Developing,165.0,3.02,42.0,94.0,94.0,1.2,1217.657961,72.37950000000004
Luxembourg,2003,Developed,92.0,12.61,55.8,99.0,98.0,0.1,65445.8853,78.88500000000005
Mozambique,2001,Developing,48.0,2.09,16.9,72.0,73.0,13.4,256.4414872,49.52350000000008
Uganda,2014,Developing,38.0,0.01,18.1,82.0,78.0,3.2,719.172669,58.95449999999996
Tonga,2000,Developing,158.0,1.24,65.5,91.0,91.0,0.1,263.27236,73.60349999999997
Turkmenistan,2004,Developing,238.0,2.86,4.0,98.0,97.0,0.1,1453.917166,64.23949999999996
Jordan,2007,Developing,12.0,0.6,59.3,98.0,98.0,0.1,2762.86354,74.33649999999992
Togo,2000,Developing,339.0,1.1,16.6,63.0,64.0,5.1,26.3932935,54.05500000000003
Togo,2012,Developing,294.0,0.01,22.6,84.0,84.0,1.7,563.6894247,59.33399999999997
United Arab Emirates,2004,Developing,95.0,1.77,57.0,94.0,94.0,0.1,36161.1761,75.68150000000004
Australia,2003,Developed,71.0,9.97,6.3,92.0,93.0,0.1,23465.38559,82.05349999999997
Uruguay,2012,Developing,118.0,5.77,62.3,95.0,95.0,0.1,1592.6819,75.99599999999991
Central African Republic,2006,Developing,56.0,1.54,18.6,47.0,51.0,10.0,347.673678,51.60400000000002
Italy,2002,Developed,72.0,9.25,56.4,96.0,93.0,0.1,22196.5736,80.64849999999983
Maldives,2007,Developing,82.0,1.78,19.5,98.0,98.0,0.1,52.862285,75.90450000000001
Burkina Faso,2013,Developing,27.0,4.64,18.2,89.0,88.0,0.7,699.452847,64.48600000000002
Bangladesh,2013,Developing,135.0,0.01,17.0,96.0,96.0,0.1,951.8894535,74.51099999999997
Somalia,2002,Developing,348.0,0.01,18.6,4.0,4.0,0.9,951.8894535,52.929000000000016
Saint Lucia,2000,Developing,183.0,11.69,36.8,7.0,7.0,0.4,951.8894535,72.3255
Greece,2009,Developing,78.0,9.08,63.1,99.0,99.0,0.1,2971.973,82.86350000000002
Republic of Korea,2007,Developing,77.0,9.05,28.2,91.0,91.0,0.1,2971.973,82.19849999999998
Lebanon,2008,Developing,98.0,1.67,62.5,75.0,81.0,0.1,712.775759,74.52199999999996
Uganda,2011,Developing,347.0,10.22,16.7,82.0,82.0,6.8,584.3962137,57.88049999999998
Lithuania,2012,Developed,176.0,15.14,6.9,93.0,93.0,0.1,14341.836,71.95000000000003
Maldives,2008,Developing,81.0,1.76,2.3,98.0,98.0,0.1,5828.621374,76.04950000000002
Timor-Leste,2005,Developing,26.0,0.36,13.5,55.0,55.0,0.1,478.331859,61.818500000000014
Bangladesh,2011,Developing,14.0,0.01,15.8,96.0,96.0,0.1,835.789341,72.98700000000007
United States of America,2007,Developed,11.0,8.74,65.1,93.0,96.0,0.1,835.789341,77.31250000000004
Togo,2001,Developing,345.0,0.95,17.1,51.0,5.0,5.3,26.6394652,53.58600000000001
Iran (Islamic Republic of),2011,Developing,93.0,0.03,54.8,99.0,99.0,0.1,26.6394652,74.13300000000001
Cabo Verde,2006,Developing,129.0,4.25,24.9,97.0,96.0,0.6,234.28992,72.20099999999996
Guinea,2001,Developing,336.0,0.17,16.9,52.0,5.0,3.0,315.83983,53.08949999999995
South Africa,2008,Developing,473.0,8.19,45.7,77.0,79.0,23.5,5786.59972,54.95249999999997
Burundi,2001,Developing,385.0,6.09,13.0,72.0,81.0,5.3,133.7427689,54.56399999999999
Croatia,2012,Developed,14.0,11.49,61.9,96.0,96.0,0.1,13235.97757,76.09049999999998
Eritrea,2007,Developing,329.0,1.23,14.7,91.0,91.0,1.3,317.3294336,58.14050000000001
Lithuania,2004,Developed,24.0,12.1,58.1,9.0,94.0,0.1,676.966998,72.47500000000011
France,2008,Developing,88.0,11.9,59.1,98.0,98.0,0.1,45413.6571,80.96650000000012
Chile,2004,Developing,97.0,6.32,56.8,94.0,93.0,0.1,621.828325,77.55899999999995
Jordan,2011,Developing,116.0,0.43,62.4,98.0,98.0,0.1,387.324145,74.14999999999992
Angola,2012,Developing,358.0,8.24,21.5,75.0,75.0,2.6,4598.249988,52.97650000000003
Mozambique,2015,Developing,355.0,8.24,22.6,8.0,8.0,3.9,528.3125597,55.424500000000016
Republic of Moldova,2003,Developing,226.0,8.15,47.6,98.0,98.0,0.1,528.3125597,67.56449999999994
Yemen,2010,Developing,233.0,0.06,37.2,77.0,76.0,0.1,528.3125597,64.29499999999999
Bahrain,2013,Developing,7.0,1.65,62.2,99.0,99.0,0.1,251.18329,75.15950000000004
Cambodia,2001,Developing,273.0,1.71,12.4,59.0,6.0,2.2,321.22634,58.2175
Suriname,2004,Developing,214.0,4.55,5.4,84.0,85.0,0.9,36.48773,64.2385
Madagascar,2011,Developing,241.0,0.97,18.5,73.0,73.0,0.4,454.963464,62.96649999999999
Senegal,2006,Developing,236.0,0.34,19.9,89.0,89.0,0.7,89.838296,61.953500000000034
Mongolia,2002,Developing,263.0,2.43,39.8,98.0,98.0,0.1,571.51883,63.591499999999996
Nepal,2003,Developing,22.0,0.2,12.9,76.0,78.0,0.1,253.72412,63.92450000000006
Cabo Verde,2000,Developing,155.0,3.49,21.5,9.0,9.0,0.8,1239.377855,64.821
Ireland,2005,Developed,78.0,13.31,55.1,9.0,9.0,0.1,5886.82789,80.36250000000001
Saudi Arabia,2004,Developing,12.0,0.06,59.4,96.0,96.0,0.1,11138.8746,73.74150000000003
Philippines,2003,Developing,217.0,4.44,19.2,85.0,84.0,0.1,11.553196,66.9694999999999
Latvia,2006,Developed,229.0,10.4,57.4,96.0,96.0,0.1,9667.9757,70.50299999999999
Greece,2005,Developing,81.0,9.95,6.5,96.0,96.0,0.1,22551.73574,79.02400000000006
Serbia,2001,Developing,135.0,7.53,51.7,93.0,93.0,0.1,1634.87561,73.31400000000001
Uganda,2006,Developing,41.0,9.81,14.8,62.0,64.0,8.6,336.4593923,54.28450000000001
Peru,2006,Developing,134.0,4.22,49.5,94.0,94.0,0.4,3171.49856,73.49150000000003
Montenegro,2015,Developing,16.0,4.22,61.8,89.0,89.0,0.1,6461.192554,77.04700000000001
Antigua and Barbuda,2012,Developing,134.0,8.18,45.7,97.0,98.0,0.2,12565.44197,75.19550000000012
Egypt,2000,Developing,171.0,0.14,5.7,98.0,98.0,0.1,12565.44197,69.93999999999997
Slovakia,2015,Developed,19.0,0.14,59.1,96.0,96.0,0.1,12565.44197,75.78399999999996
Egypt,2008,Developing,172.0,0.24,55.5,97.0,97.0,0.1,12565.44197,70.24200000000002
Guyana,2008,Developing,218.0,7.32,4.9,93.0,93.0,0.8,2576.124957,65.3825
Myanmar,2000,Developing,243.0,0.35,13.6,88.0,82.0,0.4,193.187484,62.908999999999985
Norway,2005,Developed,73.0,6.37,56.5,91.0,91.0,0.1,66775.3944,81.33350000000002
Chad,2015,Developing,356.0,6.37,19.1,52.0,46.0,2.8,777.248751,53.602000000000054
China,2008,Developing,97.0,4.27,26.5,99.0,97.0,0.1,3471.247547,76.31499999999997
Guinea,2000,Developing,328.0,0.17,16.6,47.0,46.0,3.0,34.516918,54.191999999999986
Tunisia,2014,Developing,12.0,1.39,6.2,98.0,98.0,0.1,4271.68172,75.67599999999997
Canada,2004,Developing,77.0,7.8,6.6,91.0,91.0,0.1,31979.87195,81.68550000000005
Micronesia (Federated States of),2014,Developing,164.0,1.58,68.7,76.0,77.0,0.1,31979.87195,70.72450000000002
Bangladesh,2004,Developing,158.0,0.01,12.0,88.0,99.0,0.1,46.7579167,69.03799999999995
Haiti,2003,Developing,3.0,6.64,36.5,56.0,53.0,4.6,329.782946,61.25899999999997
Kenya,2015,Developing,249.0,6.64,22.0,83.0,89.0,2.8,1349.97144,61.26800000000001
Bolivia (Plurinational State of),2001,Developing,238.0,2.2,43.3,71.0,71.0,0.1,1349.97144,63.26999999999998
Lao People's Democratic Republic,2004,Developing,252.0,3.53,14.4,46.0,45.0,0.2,1349.97144,61.17449999999995
Namibia,2003,Developing,471.0,5.28,26.5,82.0,79.0,24.7,2482.36862,52.024500000000046
India,2009,Developing,2.0,2.5,15.4,73.0,74.0,0.2,19.317765,70.38000000000012
India,2005,Developing,211.0,1.27,13.5,65.0,65.0,0.3,77.819,65.12249999999999
Chile,2002,Developing,11.0,6.06,55.4,97.0,97.0,0.1,4463.545867,76.93299999999991
Uganda,2008,Developing,41.0,9.79,15.6,69.0,71.0,8.2,449.6928183,55.93599999999999
Liberia,2002,Developing,371.0,4.27,2.7,51.0,39.0,3.1,177.285187,51.31650000000001
Democratic Republic of the Congo,2009,Developing,292.0,2.13,18.6,78.0,72.0,1.7,177.285187,57.68299999999997
Yemen,2008,Developing,238.0,0.04,35.7,78.0,78.0,0.1,177.285187,63.374000000000024
Pakistan,2007,Developing,178.0,0.03,2.1,75.0,75.0,0.1,95.4327931,65.41299999999995
Suriname,2014,Developing,178.0,6.32,57.7,85.0,85.0,0.4,9564.46383,72.12800000000017
Sweden,2013,Developed,57.0,7.3,58.5,98.0,98.0,0.1,6283.24522,82.08749999999998
Ghana,2002,Developing,31.0,1.6,2.7,8.0,78.0,3.5,39.484473,54.28949999999998
Sudan,2000,Developing,284.0,1.76,2.7,62.0,62.0,0.1,361.35843,58.31350000000008
Cambodia,2008,Developing,199.0,2.24,15.3,91.0,91.0,0.7,745.7877873,65.46350000000005
Iran (Islamic Republic of),2003,Developing,154.0,0.01,46.9,99.0,99.0,0.1,745.7877873,71.26050000000004
Namibia,2011,Developing,268.0,7.84,32.5,85.0,82.0,4.7,56.971392,62.07050000000003
Saint Vincent and the Grenadines,2014,Developing,157.0,7.01,53.1,97.0,98.0,0.1,56.971392,73.22000000000006
Mauritius,2007,Developing,161.0,3.24,29.1,96.0,97.0,0.1,6574.654338,70.89449999999998
Brazil,2013,Developing,146.0,7.24,54.5,96.0,97.0,0.1,12216.9446,74.61100000000005
Canada,2013,Developing,67.0,8.2,65.8,91.0,91.0,0.1,52413.72116,82.10500000000009
Montenegro,2002,Developing,136.0,0.01,53.5,91.0,91.0,0.1,216.243274,72.66900000000001
Kyrgyzstan,2000,Developing,225.0,2.13,35.6,99.0,99.0,0.1,216.243274,65.41249999999994
Niger,2003,Developing,28.0,0.1,14.6,44.0,41.0,1.6,215.8548,54.53849999999997
Turkmenistan,2015,Developing,215.0,0.1,48.6,99.0,99.0,0.1,6432.668768,69.5869999999999
Bahrain,2007,Developing,77.0,2.0,57.6,97.0,97.0,0.1,2977.1153,76.53199999999998
Cyprus,2003,Developed,66.0,10.62,54.3,98.0,98.0,0.1,2293.4789,80.53200000000007
United Arab Emirates,2006,Developing,89.0,1.74,55.8,94.0,92.0,0.1,42372.22166,75.77100000000014
Algeria,2015,Developing,19.0,1.74,59.5,95.0,95.0,0.1,4132.76292,75.22549999999995
Iraq,2010,Developing,145.0,0.19,55.8,74.0,74.0,0.1,452.74948,72.6305
Lao People's Democratic Republic,2014,Developing,199.0,0.01,2.9,88.0,88.0,0.2,452.74948,67.26799999999994
Mauritania,2010,Developing,214.0,0.01,27.4,52.0,64.0,1.2,123.383675,63.50999999999995
Liberia,2014,Developing,329.0,0.01,26.7,49.0,5.0,0.9,458.4651734,57.237999999999914
Côte d'Ivoire,2004,Developing,472.0,3.08,21.5,76.0,67.0,6.5,458.4651734,49.50599999999992
Turkmenistan,2008,Developing,235.0,2.4,42.7,96.0,96.0,0.1,394.467675,65.18599999999995
Montenegro,2000,Developing,144.0,0.01,51.9,96.0,96.0,0.1,1627.42893,72.195
Grenada,2013,Developing,144.0,8.25,46.5,98.0,97.0,0.1,7955.615985,73.9770000000001
Kenya,2011,Developing,278.0,1.8,19.5,97.0,96.0,3.4,987.4453967,60.232000000000006
Chile,2005,Developing,93.0,7.57,57.4,92.0,91.0,0.1,7615.3468,78.49600000000004
Poland,2008,Developed,14.0,11.4,57.2,96.0,99.0,0.1,141.44688,75.81049999999998
Canada,2005,Developing,76.0,8.0,61.3,93.0,93.0,0.1,36189.58838,82.27349999999997
Uzbekistan,2004,Developing,183.0,1.59,37.0,99.0,99.0,0.3,465.1198869,67.30350000000004
United Republic of Tanzania,2014,Developing,34.0,0.01,23.2,97.0,97.0,1.4,465.1198869,60.77399999999997
Spain,2006,Developed,73.0,11.86,61.1,98.0,98.0,0.1,28482.6948,81.55049999999996
Czechia,2009,Developed,12.0,13.23,63.1,99.0,99.0,0.1,28482.6948,78.72949999999993
France,2013,Developing,81.0,11.1,61.6,99.0,99.0,0.1,42554.1225,82.47000000000001
Samoa,2005,Developing,16.0,3.63,69.7,55.0,49.0,0.1,2571.262348,73.7725
Austria,2002,Developed,9.0,12.5,51.2,82.0,83.0,0.1,26351.37568,79.36149999999995
Malta,2012,Developed,58.0,7.67,68.4,99.0,99.0,0.1,2193.8836,81.89799999999997
Samoa,2013,Developing,131.0,0.01,73.8,62.0,67.0,0.1,4219.65123,73.43800000000005
France,2005,Developing,93.0,12.2,57.5,98.0,98.0,0.1,34879.72633,79.11050000000003
Guatemala,2002,Developing,21.0,2.41,41.7,82.0,82.0,0.3,171.771491,68.34000000000003
Japan,2003,Developed,7.0,7.83,23.4,97.0,97.0,0.1,3488.3992,79.43400000000001
Syrian Arab Republic,2007,Developing,121.0,0.83,49.4,83.0,8.0,0.1,258.3529,73.72249999999997
Senegal,2010,Developing,212.0,0.28,21.7,76.0,89.0,0.4,11.631377,66.10049999999998
Haiti,2004,Developing,32.0,6.1,37.5,58.0,55.0,4.3,387.9429725,62.397499999999994
Norway,2009,Developed,67.0,6.68,58.5,94.0,94.0,0.1,817.77681,83.51350000000006
Estonia,2014,Developing,122.0,0.01,59.4,93.0,93.0,0.1,19941.45532,75.25049999999997
Samoa,2000,Developing,18.0,3.0,65.6,94.0,95.0,0.1,154.68923,74.71000000000002
Norway,2012,Developed,61.0,6.21,59.8,95.0,95.0,0.1,11563.727,81.46299999999997
Jordan,2008,Developing,119.0,0.61,6.1,98.0,97.0,0.1,3385.69665,73.4704999999999
Bahamas,2000,Developing,192.0,12.15,54.4,91.0,99.0,0.1,3385.69665,72.47099999999999
Zimbabwe,2015,Developing,336.0,12.15,31.8,88.0,87.0,6.2,118.69383,59.06499999999999
Iran (Islamic Republic of),2002,Developing,142.0,0.01,46.2,99.0,99.0,0.1,118.69383,73.25600000000003
Solomon Islands,2001,Developing,227.0,0.7,38.7,88.0,84.0,0.1,944.81684,64.59549999999994
Algeria,2003,Developing,146.0,0.34,47.0,87.0,87.0,0.1,294.33556,72.44449999999998
Sao Tome and Principe,2000,Developing,224.0,5.07,2.7,87.0,82.0,1.5,294.33556,62.449999999999974
Guinea-Bissau,2002,Developing,35.0,2.47,18.5,61.0,57.0,4.1,321.481324,53.541
Democratic People's Republic of Korea,2015,Developing,139.0,2.47,32.9,99.0,96.0,0.1,321.481324,74.33300000000001
Germany,2008,Developed,8.0,11.36,59.0,95.0,96.0,0.1,45699.19832,80.73299999999996
Thailand,2001,Developing,194.0,5.92,19.4,97.0,96.0,0.8,1893.145377,69.0455000000001
Belgium,2004,Developed,91.0,12.05,59.8,96.0,95.0,0.1,35589.71295,79.50450000000008
Turkey,2010,Developing,116.0,1.49,61.9,97.0,97.0,0.1,1672.5693,74.52899999999988
Belgium,2009,Developed,85.0,10.05,61.6,98.0,98.0,0.1,4488.5615,80.05550000000005
Zimbabwe,2003,Developing,715.0,4.06,26.7,7.0,68.0,36.7,453.3511552,44.83400000000007
Bhutan,2005,Developing,254.0,0.73,16.7,95.0,95.0,0.3,1247.61392,63.48399999999999
Ethiopia,2000,Developing,391.0,0.88,12.3,55.0,3.0,5.0,123.876257,52.37799999999997
El Salvador,2002,Developing,24.0,2.97,47.0,81.0,81.0,0.4,248.4125,69.3125
Bulgaria,2006,Developed,161.0,10.39,6.3,96.0,95.0,0.1,4513.13628,73.14950000000007
Togo,2013,Developing,287.0,0.01,23.1,84.0,84.0,1.5,579.43485,59.16199999999994
Solomon Islands,2012,Developing,184.0,0.01,48.1,99.0,99.0,0.1,1858.689868,70.25849999999988
Poland,2014,Developed,12.0,10.71,61.1,94.0,98.0,0.1,14341.675,76.20099999999995
Comoros,2005,Developing,266.0,0.24,19.2,67.0,68.0,0.1,621.93372,62.46999999999999
Czechia,2011,Developed,97.0,12.43,64.0,99.0,99.0,0.1,621.93372,80.02700000000003
Bhutan,2014,Developing,216.0,0.01,23.6,98.0,99.0,0.5,2522.7968,68.22999999999996
Malaysia,2014,Developing,126.0,0.52,39.5,97.0,97.0,0.1,11183.96191,74.11450000000004
Iraq,2015,Developing,182.0,0.52,59.1,63.0,58.0,0.1,4974.2693,70.86550000000003
Cyprus,2009,Developed,6.0,10.8,57.3,99.0,99.0,0.1,3215.8159,79.8344999999999
Albania,2001,Developing,14.0,4.25,46.0,97.0,97.0,0.1,1326.97339,73.03350000000005
Romania,2002,Developed,178.0,9.62,52.4,98.0,98.0,0.1,2124.873613,74.36250000000001
Uganda,2010,Developing,362.0,10.03,16.3,79.0,8.0,8.0,594.9972557,56.33900000000001
Panama,2003,Developing,126.0,5.52,48.6,95.0,98.0,0.1,4267.13578,75.31100000000002
Egypt,2007,Developing,171.0,0.21,54.8,98.0,98.0,0.1,4267.13578,69.74549999999996
Pakistan,2010,Developing,172.0,0.04,21.9,82.0,82.0,0.1,14.142268,66.44699999999995
Nigeria,2004,Developing,47.0,9.76,18.8,43.0,33.0,5.4,648.815852,50.989500000000014
Turkey,2011,Developing,114.0,1.53,62.8,97.0,97.0,0.1,11341.13395,75.00849999999993
Solomon Islands,2011,Developing,186.0,0.99,47.2,99.0,99.0,0.1,1642.837974,69.21999999999997
Iran (Islamic Republic of),2005,Developing,139.0,0.01,48.5,95.0,95.0,0.1,1642.837974,72.783
Italy,2011,Developed,6.0,6.98,61.5,96.0,96.0,0.1,38334.68477,82.19899999999998
Djibouti,2009,Developing,279.0,0.49,31.7,89.0,89.0,3.2,1253.657431,62.00999999999997
Côte d'Ivoire,2011,Developing,419.0,3.13,25.6,58.0,62.0,3.3,1253.657431,51.96849999999997
Bahamas,2013,Developing,172.0,9.42,63.2,97.0,97.0,0.1,1253.657431,73.359
South Sudan,2002,Developing,382.0,9.42,63.2,97.0,97.0,3.3,1253.657431,53.43399999999993
Senegal,2002,Developing,252.0,0.36,18.3,6.0,6.0,0.7,513.26227,59.089
Sudan,2010,Developing,243.0,1.77,18.3,9.0,9.0,0.3,1476.47887,62.69349999999993
Timor-Leste,2007,Developing,173.0,0.05,14.2,7.0,7.0,0.1,524.8959363,66.07649999999995
Bosnia and Herzegovina,2011,Developing,92.0,4.64,53.7,89.0,88.0,0.1,55.156834,77.40699999999991
Guinea-Bissau,2015,Developing,275.0,4.64,26.3,87.0,87.0,3.2,596.8717189,61.0765
Timor-Leste,2009,Developing,165.0,0.09,15.1,78.0,72.0,0.1,757.3114436,66.73449999999991
Czechia,2013,Developed,9.0,12.45,65.1,99.0,98.0,0.1,757.3114436,79.4874999999999
Antigua and Barbuda,2006,Developing,145.0,8.93,42.0,99.0,99.0,0.1,12724.39377,74.81750000000002
Republic of Korea,2004,Developing,89.0,9.18,26.7,9.0,88.0,0.1,12724.39377,78.51800000000004
Denmark,2006,Developed,93.0,11.02,55.4,93.0,93.0,0.1,5226.99311,78.76649999999998
Barbados,2012,Developing,12.0,8.61,52.2,88.0,87.0,0.1,15384.8749,75.65350000000004
Uganda,2002,Developing,523.0,10.42,13.6,57.0,57.0,10.0,24.2423229,49.926000000000016
Angola,2000,Developing,48.0,1.85,15.4,3.0,28.0,2.0,555.2969419,51.434500000000014
Paraguay,2011,Developing,15.0,5.79,47.1,84.0,89.0,0.1,3988.11894,74.91949999999996
Burkina Faso,2005,Developing,313.0,4.88,14.2,94.0,82.0,2.3,46.998871,57.5965
Suriname,2001,Developing,219.0,4.23,48.3,65.0,68.0,1.8,1598.77512,65.44899999999993
Algeria,2002,Developing,145.0,0.36,46.1,86.0,86.0,0.1,1774.33673,71.9029999999999
Jamaica,2014,Developing,133.0,3.83,53.5,93.0,92.0,0.5,4855.743789,74.55349999999997
Kiribati,2000,Developing,222.0,0.46,67.9,9.0,9.0,0.1,796.7937634,65.32549999999996
Georgia,2014,Developing,125.0,6.13,55.3,91.0,91.0,0.1,4429.6575,75.001
Tonga,2001,Developing,157.0,1.35,66.2,91.0,89.0,0.1,1837.977391,72.97349999999994
Lesotho,2014,Developing,522.0,0.01,32.0,9.0,93.0,9.4,1174.839214,54.70300000000003
Argentina,2015,Developing,116.0,0.01,62.8,93.0,94.0,0.1,13467.1236,75.54100000000001
New Zealand,2001,Developed,83.0,8.75,59.6,82.0,9.0,0.1,13882.85683,79.12550000000012
Mozambique,2003,Developing,424.0,1.68,17.7,67.0,85.0,15.3,283.8911588,52.70100000000002
Mexico,2010,Developing,127.0,5.21,6.1,95.0,95.0,0.1,8959.581416,75.33949999999999
Argentina,2002,Developing,138.0,7.81,55.1,94.0,93.0,0.1,2579.193168,73.91950000000007
Guatemala,2012,Developing,189.0,2.02,48.6,94.0,96.0,0.4,3299.65139,71.59300000000002
Saint Vincent and the Grenadines,2015,Developing,156.0,2.02,54.1,97.0,98.0,0.1,3299.65139,73.8885
San Marino,2013,Developing,156.0,0.01,54.1,69.0,69.0,0.1,3299.65139,73.53049999999999
Equatorial Guinea,2015,Developing,32.0,0.01,24.5,17.0,16.0,4.2,1347.31257,60.11249999999992
Burkina Faso,2004,Developing,323.0,4.54,13.7,83.0,79.0,2.5,371.323865,56.88000000000004
Netherlands,2012,Developed,62.0,9.05,6.5,97.0,97.0,0.1,49474.7561,82.63150000000002
Latvia,2007,Developed,221.0,12.12,57.7,94.0,94.0,0.1,1444.1589,71.46099999999994
Croatia,2005,Developed,116.0,11.59,57.5,96.0,96.0,0.1,1224.2459,75.96199999999988
Sao Tome and Principe,2001,Developing,225.0,5.02,21.1,9.0,92.0,1.5,51.216381,59.73500000000003
Mongolia,2013,Developing,227.0,0.01,5.4,98.0,98.0,0.1,4385.379355,68.54749999999991
Brunei Darussalam,2015,Developing,78.0,0.01,41.2,99.0,99.0,0.1,3967.8951,77.39949999999997
Mali,2013,Developing,275.0,0.01,22.5,7.0,69.0,1.6,777.659139,59.06649999999996
Luxembourg,2010,Developed,73.0,11.36,59.2,96.0,99.0,0.1,14965.361,85.7105
Armenia,2009,Developing,137.0,3.96,5.7,94.0,93.0,0.1,2993.832531,74.28950000000002
Fiji,2006,Developing,211.0,2.06,55.9,98.0,98.0,0.1,3749.939813,69.26449999999993
Burundi,2011,Developing,321.0,4.16,16.6,95.0,96.0,1.5,26.479973,59.86699999999999
Cyprus,2011,Developed,57.0,10.69,58.3,99.0,99.0,0.1,32233.83942,82.01800000000003
Cambodia,2000,Developing,274.0,1.51,12.1,62.0,59.0,2.1,3.685949,59.36249999999998
South Sudan,2007,Developing,381.0,1.51,12.1,62.0,59.0,4.2,3.685949,53.1545
Madagascar,2013,Developing,23.0,0.87,19.5,73.0,74.0,0.4,461.723722,65.48950000000008
Belarus,2000,Developing,247.0,12.98,54.4,99.0,99.0,0.1,1276.28834,67.96049999999995
Comoros,2002,Developing,271.0,0.08,18.0,98.0,89.0,0.1,433.2691451,62.35150000000001
United Republic of Tanzania,2005,Developing,449.0,3.94,18.1,91.0,9.0,10.0,433.2691451,52.336000000000034
The former Yugoslav republic of Macedonia,2003,Developing,126.0,2.4,54.1,96.0,96.0,0.1,433.2691451,73.84299999999992
Cyprus,2012,Developed,56.0,10.55,58.7,99.0,99.0,0.1,28951.15556,81.70600000000002
Indonesia,2009,Developing,189.0,0.08,22.1,85.0,78.0,0.3,2254.44566,67.37550000000005
Denmark,2004,Developed,98.0,11.27,54.4,95.0,95.0,0.1,46511.6457,77.34699999999997
Sierra Leone,2010,Developing,424.0,3.84,21.7,84.0,86.0,1.6,45.128418,49.810499999999955
Somalia,2009,Developing,335.0,0.01,21.5,41.0,42.0,0.8,45.128418,53.994999999999955
Niger,2010,Developing,252.0,0.12,17.3,75.0,7.0,0.9,348.151511,59.72549999999997
Kenya,2002,Developing,437.0,1.66,15.1,83.0,84.0,15.7,395.8493511,53.22050000000002
Venezuela (Bolivarian Republic of),2008,Developing,168.0,8.18,58.2,76.0,5.0,0.1,395.8493511,73.33950000000003
Sri Lanka,2010,Developing,138.0,2.31,19.8,99.0,99.0,0.1,2819.511161,73.90400000000007
Central African Republic,2000,Developing,49.0,1.51,16.5,38.0,37.0,14.3,243.5429317,47.30300000000014
Saint Vincent and the Grenadines,2010,Developing,162.0,7.0,49.3,99.0,99.0,0.1,243.5429317,72.7005
Sudan,2003,Developing,278.0,1.74,49.3,69.0,69.0,0.2,477.738478,61.85149999999995
Jordan,2005,Developing,127.0,0.55,57.8,95.0,95.0,0.1,223.83787,73.29799999999994
Haiti,2013,Developing,253.0,5.68,47.7,67.0,68.0,0.5,81.265673,63.887
Turkmenistan,2006,Developing,245.0,2.71,41.3,98.0,98.0,0.1,2136.66815,64.77750000000005
Lao People's Democratic Republic,2012,Developing,28.0,0.01,19.4,78.0,79.0,0.3,2136.66815,65.14549999999991
Finland,2000,Developing,15.0,8.59,55.5,96.0,99.0,0.1,24253.2542,77.72249999999994
Guinea,2014,Developing,299.0,0.01,22.7,42.0,51.0,0.5,561.997387,58.68049999999996
Tunisia,2007,Developing,12.0,1.24,53.9,98.0,98.0,0.1,3778.184171,74.54349999999994
Bosnia and Herzegovina,2013,Developing,9.0,4.12,54.7,87.0,89.0,0.1,535.86555,75.89249999999996
Comoros,2009,Developing,251.0,0.17,21.1,84.0,83.0,0.1,778.5454199,62.4555
Lithuania,2000,Developed,2.0,9.87,56.9,92.0,94.0,0.1,3297.35471,77.64149999999991
Zambia,2000,Developing,614.0,2.62,16.8,85.0,85.0,18.7,341.955625,45.67900000000011
Lao People's Democratic Republic,2005,Developing,246.0,3.68,14.9,5.0,49.0,0.2,341.955625,62.17349999999998
Tunisia,2011,Developing,13.0,1.29,57.4,98.0,98.0,0.1,4256.91279,74.83499999999988
Myanmar,2011,Developing,27.0,0.33,2.5,9.0,84.0,0.5,1186.423937,64.09749999999994
Maldives,2002,Developing,124.0,1.95,16.2,98.0,98.0,0.1,32.37239,74.6315
Pakistan,2005,Developing,2.0,0.04,18.9,78.0,77.0,0.1,711.4699463,67.65600000000008
Czechia,2004,Developed,116.0,13.24,6.8,96.0,98.0,0.1,711.4699463,75.82699999999994
United Arab Emirates,2009,Developing,84.0,1.73,55.1,94.0,93.0,0.1,3372.57517,76.25999999999993
Suriname,2002,Developing,221.0,4.41,49.0,74.0,73.0,1.6,2232.513244,65.96599999999994
Croatia,2014,Developed,97.0,12.14,63.1,95.0,95.0,0.1,13467.46827,78.98350000000015
Iran (Islamic Republic of),2004,Developing,139.0,0.01,47.6,98.0,99.0,0.1,13467.46827,72.73699999999997
Malawi,2002,Developing,67.0,1.1,14.8,79.0,64.0,24.7,29.9798977,46.08150000000005
China,2003,Developing,13.0,2.96,22.6,87.0,86.0,0.1,1288.642924,72.43400000000005
Mexico,2014,Developing,122.0,5.26,62.8,87.0,87.0,0.1,1452.27766,75.52000000000002
Antigua and Barbuda,2009,Developing,14.0,7.82,43.8,98.0,99.0,0.1,1312.46692,75.16299999999997
Venezuela (Bolivarian Republic of),2005,Developing,158.0,7.92,56.5,8.0,87.0,0.1,1312.46692,73.0420000000001
Iran (Islamic Republic of),2012,Developing,85.0,0.01,56.0,99.0,99.0,0.1,1312.46692,75.10649999999998
Republic of Korea,2006,Developing,79.0,8.83,27.7,98.0,98.0,0.1,1312.46692,81.35200000000006
Angola,2007,Developing,375.0,6.35,18.8,75.0,73.0,2.6,2878.837144,49.662000000000056
Somalia,2003,Developing,344.0,0.01,19.0,4.0,4.0,0.9,2878.837144,52.89900000000002
Nigeria,2012,Developing,374.0,8.54,23.5,42.0,42.0,4.4,2755.297787,53.88300000000003
Nicaragua,2010,Developing,154.0,3.38,5.2,99.0,98.0,0.1,1526.497938,73.66499999999994
Greece,2000,Developing,84.0,8.48,57.4,89.0,89.0,0.1,1242.95373,78.64850000000006
Bolivia (Plurinational State of),2010,Developing,22.0,3.95,49.3,9.0,91.0,0.2,1242.95373,69.63249999999995
Democratic Republic of the Congo,2007,Developing,299.0,1.52,17.8,72.0,7.0,1.9,1242.95373,56.612499999999976
Kuwait,2003,Developing,93.0,0.03,65.5,99.0,99.0,0.1,2271.56961,73.81350000000009
Papua New Guinea,2011,Developing,285.0,0.88,45.7,69.0,72.0,1.0,177.867119,62.31050000000001
Syrian Arab Republic,2013,Developing,37.0,0.01,55.2,5.0,41.0,0.1,177.867119,63.86999999999991
Guyana,2007,Developing,232.0,7.2,4.3,94.0,94.0,1.9,2327.58324,62.53899999999992
Chad,2000,Developing,44.0,0.25,13.9,3.0,36.0,4.6,166.231785,50.578000000000074
Oman,2001,Developing,134.0,0.55,46.5,99.0,99.0,0.1,8476.61511,73.16300000000003
Niger,2009,Developing,263.0,0.11,16.9,71.0,71.0,1.1,341.2894618,59.90399999999996
Republic of Korea,2012,Developing,69.0,9.56,3.4,99.0,99.0,0.1,341.2894618,83.42850000000011
South Sudan,2009,Developing,369.0,9.56,3.4,99.0,99.0,4.2,1264.78998,56.0505
Canada,2000,Developing,82.0,7.6,57.8,88.0,89.0,0.1,24124.16917,78.91500000000008
Cameroon,2009,Developing,373.0,5.89,25.4,79.0,8.0,6.3,123.19538,54.254500000000036
Thailand,2007,Developing,165.0,6.2,24.6,98.0,98.0,0.4,3972.26475,73.00950000000003
Tajikistan,2013,Developing,163.0,0.01,39.0,97.0,96.0,0.2,14.214412,68.83699999999993
Estonia,2012,Developing,135.0,0.01,58.5,94.0,94.0,0.1,17421.8922,75.17200000000011
Romania,2014,Developed,135.0,0.01,59.9,94.0,94.0,0.1,12.27733,74.43899999999996
Mauritius,2005,Developing,168.0,3.94,28.0,97.0,97.0,0.1,5116.45424,71.80649999999986
Thailand,2014,Developing,152.0,6.41,32.4,99.0,99.0,0.1,5941.8471,74.49599999999997
Australia,2007,Developed,66.0,10.56,62.5,92.0,92.0,0.1,4991.98289,81.67500000000007
Micronesia (Federated States of),2003,Developing,18.0,3.15,62.8,88.0,92.0,0.1,4991.98289,75.7485
Democratic People's Republic of Korea,2002,Developing,167.0,3.08,26.2,99.0,64.0,0.1,4991.98289,68.70550000000009
Gabon,2009,Developing,31.0,8.64,33.0,74.0,76.0,8.0,763.66223,60.94800000000002
Kyrgyzstan,2002,Developing,215.0,3.31,36.5,99.0,98.0,0.1,763.66223,66.33799999999992
Colombia,2010,Developing,15.0,4.28,54.2,88.0,88.0,0.1,625.65544,75.582
Ireland,2012,Developed,69.0,11.49,6.5,95.0,95.0,0.1,49231.36254,84.38050000000001
Belarus,2006,Developing,243.0,12.6,57.2,97.0,99.0,0.1,3848.215966,68.60700000000001
Bulgaria,2012,Developed,139.0,10.99,63.9,95.0,95.0,0.1,7378.25539,73.93300000000008
Lebanon,2005,Developing,11.0,1.94,6.8,74.0,77.0,0.1,5339.441291,72.0075000000001
Armenia,2000,Developing,142.0,2.9,47.1,96.0,93.0,0.1,622.7427477,73.28850000000011
Kazakhstan,2005,Developing,294.0,6.94,46.3,99.0,98.0,0.1,3771.278957,64.91
Barbados,2005,Developing,117.0,8.01,46.9,91.0,92.0,0.1,14223.86576,75.97000000000007
China,2007,Developing,96.0,3.88,25.7,94.0,93.0,0.1,2695.366223,77.43849999999995
Libya,2004,Developing,141.0,0.01,55.3,97.0,97.0,0.1,586.8364,72.34549999999994
Iraq,2013,Developing,17.0,0.01,57.8,7.0,68.0,0.1,6925.22446,69.92649999999992
Namibia,2002,Developing,452.0,5.09,25.8,78.0,77.0,24.6,1713.47594,52.229000000000035
Cameroon,2010,Developing,37.0,6.15,26.0,83.0,84.0,5.5,1182.869227,58.79149999999998
Libya,2015,Developing,138.0,6.15,64.8,97.0,97.0,0.1,1182.869227,74.73549999999996
Brazil,2001,Developing,179.0,7.13,44.5,99.0,98.0,0.1,3146.95177,73.91149999999999
Cuba,2002,Developing,19.0,4.1,51.3,98.0,99.0,0.1,2994.339988,75.199
Madagascar,2007,Developing,261.0,0.71,16.7,83.0,84.0,0.6,377.8482928,62.428999999999895
Indonesia,2011,Developing,185.0,0.08,23.8,81.0,81.0,0.3,3634.27685,68.42250000000001
Eritrea,2009,Developing,311.0,0.63,15.5,92.0,92.0,1.0,43.7544499,58.90850000000003
Guinea-Bissau,2008,Developing,297.0,2.64,21.9,77.0,77.0,6.0,583.5445622,57.652000000000065
Morocco,2015,Developing,95.0,2.64,58.5,99.0,99.0,0.1,2847.285569,75.555
Italy,2008,Developed,61.0,7.96,59.9,96.0,96.0,0.1,464.18465,81.89900000000003
Republic of Moldova,2000,Developing,235.0,9.89,46.5,97.0,95.0,0.1,464.18465,66.56499999999987
Tuvalu,2013,Developing,235.0,0.01,79.3,9.0,9.0,0.1,3542.13589,65.47949999999994
Samoa,2011,Developing,139.0,2.15,72.9,6.0,65.0,0.1,3942.9827,73.36850000000003
Ecuador,2014,Developing,121.0,3.82,53.5,84.0,83.0,0.1,6432.216537,75.19100000000003
Guinea-Bissau,2006,Developing,36.0,3.22,2.7,74.0,71.0,5.6,418.94454,55.24799999999999
Albania,2002,Developing,15.0,3.73,46.9,98.0,98.0,0.1,1453.642777,72.68250000000008
Qatar,2009,Developing,79.0,1.11,65.6,98.0,99.0,0.1,61478.23813,76.9129999999999
Guyana,2015,Developing,215.0,1.11,46.7,92.0,95.0,0.3,4136.689919,68.91849999999998
El Salvador,2004,Developing,215.0,2.9,48.6,9.0,9.0,0.3,2632.79942,67.27949999999991
Kenya,2013,Developing,258.0,1.84,2.7,94.0,87.0,3.0,1229.114798,61.26250000000009
Guinea-Bissau,2012,Developing,285.0,0.01,24.3,87.0,87.0,5.3,67.7518833,58.459999999999994
Bahrain,2008,Developing,76.0,2.0,58.5,97.0,97.0,0.1,2367.56535,77.10299999999998
Ghana,2008,Developing,275.0,1.78,24.2,92.0,93.0,2.2,1224.41554,61.11649999999997
Bahrain,2003,Developing,85.0,2.16,55.2,97.0,97.0,0.1,14221.99259,76.00650000000006
Bahamas,2005,Developing,172.0,10.49,58.1,93.0,93.0,0.1,14221.99259,73.49949999999995
Djibouti,2003,Developing,325.0,1.02,29.4,68.0,68.0,4.2,819.974118,58.72049999999996
Algeria,2004,Developing,14.0,0.45,47.9,86.0,86.0,0.1,2598.9823,72.7155
Argentina,2008,Developing,126.0,8.41,58.6,94.0,93.0,0.1,8953.359275,74.96550000000005
Saint Lucia,2005,Developing,16.0,12.32,39.6,95.0,95.0,0.2,8953.359275,72.27950000000006
Egypt,2015,Developing,159.0,12.32,61.1,93.0,93.0,0.1,8953.359275,73.48400000000001
Benin,2005,Developing,285.0,1.13,2.5,73.0,7.0,2.1,61.799977,56.14049999999998
Sri Lanka,2008,Developing,172.0,2.1,18.5,98.0,98.0,0.1,254.489192,68.45649999999996
Thailand,2010,Developing,158.0,5.95,27.9,99.0,99.0,0.2,575.32176,73.70800000000003
Indonesia,2004,Developing,213.0,0.06,18.2,79.0,71.0,0.1,1148.56996,65.33649999999997
Côte d'Ivoire,2008,Developing,437.0,2.69,23.8,58.0,74.0,4.1,1148.56996,52.69649999999997
Italy,2014,Developed,57.0,7.56,63.1,95.0,95.0,0.1,35396.66517,82.32349999999992
Greece,2007,Developing,8.0,9.67,61.8,99.0,99.0,0.1,28827.32636,79.624
Switzerland,2015,Developed,49.0,9.67,57.4,97.0,97.0,0.1,8989.8424,82.29799999999994
Papua New Guinea,2007,Developing,295.0,0.71,42.7,72.0,71.0,1.4,956.668952,62.26300000000001
South Africa,2009,Developing,449.0,7.6,46.4,75.0,76.0,19.0,5888.6284,55.687999999999946
Azerbaijan,2010,Developing,13.0,1.98,48.0,85.0,81.0,0.1,5842.85784,74.75350000000005
Guinea,2009,Developing,297.0,0.18,2.3,6.0,57.0,2.3,436.6895539,57.82200000000002
Republic of Moldova,2004,Developing,225.0,12.27,47.9,98.0,98.0,0.1,436.6895539,68.85149999999993
Slovakia,2005,Developed,141.0,10.81,53.1,99.0,99.0,0.1,436.6895539,74.45300000000002
Nigeria,2011,Developing,375.0,8.75,22.8,48.0,48.0,4.7,2527.9423,53.70050000000002
Portugal,2006,Developed,96.0,13.11,54.9,97.0,97.0,0.1,19821.44463,79.09499999999996
Romania,2010,Developed,153.0,9.0,56.9,94.0,94.0,0.1,8297.483621,73.77949999999997
Austria,2009,Developed,77.0,11.3,54.7,83.0,83.0,0.1,47654.18721,82.46049999999994
Lao People's Democratic Republic,2010,Developing,218.0,5.95,18.0,76.0,74.0,0.3,47654.18721,66.92399999999996
India,2006,Developing,28.0,1.37,13.9,66.0,65.0,0.3,792.259698,64.53750000000007
Italy,2009,Developed,61.0,7.25,6.5,96.0,96.0,0.1,36976.84512,82.37750000000007
Tonga,2003,Developing,153.0,1.79,67.8,91.0,9.0,0.1,229.714718,72.73599999999996
Greece,2012,Developing,76.0,8.2,64.9,99.0,99.0,0.1,22242.68193,84.78550000000001
Jordan,2009,Developing,118.0,0.59,6.9,98.0,98.0,0.1,3492.1396,73.50149999999991
Chad,2010,Developing,364.0,0.5,17.1,43.0,39.0,4.1,896.5697341,54.40850000000006
Singapore,2003,Developed,73.0,1.43,29.6,96.0,96.0,0.1,23573.6284,78.3270000000001
Namibia,2004,Developing,483.0,4.8,27.2,81.0,81.0,24.0,3288.257373,51.86750000000004
Russian Federation,2010,Developing,256.0,11.05,57.5,98.0,97.0,0.2,1674.98771,67.56449999999997
Rwanda,2012,Developing,239.0,0.01,19.5,98.0,98.0,0.7,678.796973,63.49850000000004
Equatorial Guinea,2009,Developing,34.0,7.97,21.7,57.0,43.0,7.3,1653.2937,58.14649999999997
Cabo Verde,2003,Developing,144.0,4.16,23.2,93.0,92.0,0.9,1768.92132,66.61149999999996
Barbados,2002,Developing,123.0,7.59,44.6,86.0,87.0,0.8,11675.39395,72.69499999999988
Nepal,2011,Developing,172.0,0.27,16.9,92.0,92.0,0.2,692.1166842,67.85949999999998
Libya,2012,Developing,133.0,0.01,61.8,98.0,98.0,0.1,692.1166842,73.85349999999994
Maldives,2004,Developing,16.0,1.6,17.3,96.0,96.0,0.1,3853.33348,74.2345000000001
Luxembourg,2014,Developed,65.0,11.12,6.9,99.0,99.0,0.1,119172.7418,82.3594999999999
Republic of Korea,2010,Developing,74.0,9.23,29.5,95.0,94.0,0.1,119172.7418,85.11149999999998
Bahamas,2002,Developing,19.0,10.85,56.0,93.0,94.0,0.1,119172.7418,77.07500000000006
Republic of Moldova,2001,Developing,228.0,10.98,46.8,98.0,97.0,0.1,119172.7418,68.13249999999991
Indonesia,2010,Developing,187.0,0.08,22.9,82.0,81.0,0.3,3113.48635,68.1925
India,2001,Developing,222.0,1.0,11.8,58.0,59.0,0.3,447.138966,63.4309999999999
Venezuela (Bolivarian Republic of),2012,Developing,161.0,6.7,6.4,73.0,81.0,0.1,447.138966,71.2825
Thailand,2004,Developing,189.0,6.17,21.7,98.0,98.0,0.5,2659.83918,71.56900000000005
Guatemala,2015,Developing,186.0,6.17,5.6,9.0,74.0,0.4,3923.573344,69.91000000000005
Lao People's Democratic Republic,2009,Developing,223.0,5.18,17.3,67.0,67.0,0.2,3923.573344,66.39449999999992
Liberia,2007,Developing,286.0,4.03,22.9,67.0,65.0,2.8,21.3733292,57.57850000000004
Bolivia (Plurinational State of),2005,Developing,222.0,2.86,46.0,84.0,85.0,0.2,21.3733292,66.15399999999991
Azerbaijan,2007,Developing,14.0,1.02,45.9,81.0,79.0,0.1,3851.437869,73.57100000000003
Venezuela (Bolivarian Republic of),2013,Developing,159.0,6.71,61.0,82.0,82.0,0.1,3851.437869,73.46049999999993
Maldives,2011,Developing,67.0,1.92,23.1,96.0,96.0,0.1,6497.55443,80.02050000000014
Burundi,2008,Developing,35.0,4.33,15.2,89.0,92.0,2.9,196.2472628,57.7889999999999
Benin,2015,Developing,249.0,4.33,25.7,78.0,82.0,1.0,783.94791,61.56550000000002
Belize,2001,Developing,21.0,4.9,41.4,96.0,96.0,0.4,3419.275719,69.34399999999994
Fiji,2002,Developing,22.0,1.85,52.2,94.0,93.0,0.1,2259.55796,68.18599999999999
Mozambique,2000,Developing,43.0,1.14,16.5,69.0,7.0,12.2,277.6486591,51.479000000000006
Qatar,2003,Developing,85.0,1.0,64.7,93.0,92.0,0.1,34176.98183,76.51600000000006
China,2002,Developing,16.0,2.91,21.9,86.0,86.0,0.1,1148.5857,71.6900000000001
Philippines,2014,Developing,214.0,4.52,24.8,77.0,67.0,0.1,2842.938353,67.54199999999996
Zimbabwe,2000,Developing,665.0,1.68,25.5,78.0,78.0,43.5,547.3588785,45.514500000000055
Mozambique,2013,Developing,46.0,1.16,21.8,78.0,78.0,5.1,65.985681,55.59349999999997
United Republic of Tanzania,2006,Developing,437.0,4.07,18.6,91.0,9.0,9.4,65.985681,53.09650000000002
Guyana,2011,Developing,229.0,7.56,43.2,93.0,93.0,0.4,3439.597513,66.75149999999994
Timor-Leste,2011,Developing,161.0,0.5,15.8,66.0,67.0,0.1,114.56179,67.35899999999988
The former Yugoslav republic of Macedonia,2015,Developing,12.0,0.5,6.3,92.0,91.0,0.1,114.56179,73.19899999999997
Saudi Arabia,2010,Developing,94.0,0.09,63.9,98.0,98.0,0.1,19259.58726,74.0129999999999
Belize,2014,Developing,177.0,6.58,5.1,95.0,95.0,0.2,4852.223666,71.3875
Nicaragua,2012,Developing,157.0,3.63,51.7,99.0,98.0,0.1,1792.3845,73.98349999999989
Austria,2004,Developed,86.0,12.1,52.2,83.0,83.0,0.1,36693.4262,79.08099999999992
Chile,2015,Developing,82.0,12.1,63.8,96.0,96.0,0.1,13653.2264,78.50450000000001
Fiji,2001,Developing,221.0,1.93,51.2,92.0,91.0,0.1,238.891729,66.94549999999995
Uruguay,2014,Developing,117.0,6.03,63.4,95.0,95.0,0.1,16737.89827,76.5084999999999
Switzerland,2000,Developed,78.0,11.26,5.8,95.0,93.0,0.1,37813.23426,81.7275
Belgium,2001,Developed,1.0,11.01,58.5,96.0,95.0,0.1,23121.56635,78.7854999999999
Equatorial Guinea,2011,Developing,344.0,10.99,22.6,39.0,41.0,7.7,21451.88617,56.4920000000001
Germany,2010,Developed,76.0,11.2,59.9,94.0,95.0,0.1,41785.55691,84.61599999999999
Ethiopia,2008,Developing,289.0,1.13,14.9,63.0,54.0,2.4,325.3825543,57.99900000000002
Tajikistan,2014,Developing,162.0,0.01,39.9,94.0,97.0,0.2,114.45919,69.8509999999999
Bahamas,2007,Developing,167.0,10.75,59.4,95.0,95.0,0.1,114.45919,73.66100000000007
Chad,2011,Developing,365.0,0.56,17.5,4.0,33.0,3.9,989.2363633,54.46200000000003
United Kingdom of Great Britain and Northern Ireland,2014,Developed,71.0,10.37,66.0,95.0,95.0,0.1,989.2363633,85.61600000000004
Iceland,2008,Developed,58.0,8.49,58.1,98.0,98.0,0.1,55575.29196,83.17650000000002
Kenya,2004,Developing,432.0,1.43,15.9,73.0,73.0,13.2,458.8843551,52.34450000000006
Bhutan,2012,Developing,223.0,0.01,21.9,97.0,97.0,0.6,2422.816,67.84299999999996
Latvia,2011,Developed,169.0,10.14,59.4,92.0,92.0,0.1,1372.68947,73.66799999999994
Cabo Verde,2013,Developing,12.0,0.01,29.7,93.0,93.0,0.2,3558.796314,75.15399999999991
Côte d'Ivoire,2014,Developing,47.0,0.01,27.4,76.0,76.0,2.0,3558.796314,60.06599999999997
Myanmar,2002,Developing,235.0,0.41,14.6,84.0,79.0,0.4,143.77651,63.61250000000004
Mauritania,2015,Developing,25.0,0.41,3.8,67.0,73.0,0.9,1158.256469,60.90150000000005
Gabon,2003,Developing,32.0,6.47,29.8,44.0,45.0,11.0,4892.11618,59.58349999999994
Burkina Faso,2007,Developing,293.0,4.58,15.1,93.0,89.0,1.7,475.11122,57.71049999999998
Japan,2006,Developed,68.0,7.49,24.9,95.0,98.0,0.1,35433.98896,81.85450000000006
Suriname,2012,Developing,178.0,5.73,56.3,84.0,84.0,0.9,9272.413453,70.59749999999991
Austria,2008,Developed,76.0,12.0,54.2,83.0,83.0,0.1,51386.37665,81.92349999999988
Uzbekistan,2006,Developing,185.0,1.96,38.1,94.0,96.0,0.4,654.2838373,67.39750000000004
Viet Nam,2005,Developing,136.0,2.7,11.3,94.0,95.0,0.2,654.2838373,73.8015000000001
Oman,2013,Developing,12.0,0.46,52.8,99.0,98.0,0.1,21268.7564,76.33599999999986
Brazil,2000,Developing,183.0,7.26,43.7,99.0,98.0,0.1,3739.11936,73.32600000000001
Tonga,2006,Developing,148.0,1.79,7.1,89.0,88.0,0.1,2892.522663,72.932
Netherlands,2007,Developed,68.0,9.53,57.3,97.0,97.0,0.1,51241.31562,82.80849999999995
Sao Tome and Principe,2010,Developing,24.0,5.58,26.9,98.0,98.0,0.5,1129.754961,70.05
Yemen,2002,Developing,25.0,0.07,32.2,64.0,65.0,0.1,1129.754961,63.33899999999992
Kyrgyzstan,2007,Developing,229.0,2.77,39.0,94.0,94.0,0.1,1129.754961,65.0899999999999
Slovenia,2012,Developed,81.0,10.95,58.2,96.0,96.0,0.1,22486.47167,80.8424999999999
Republic of Korea,2000,Developing,116.0,10.33,24.7,99.0,97.0,0.1,22486.47167,76.46450000000002
Qatar,2006,Developing,83.0,1.28,65.0,95.0,96.0,0.1,6256.55926,76.37699999999997
Guatemala,2005,Developing,28.0,2.35,43.8,87.0,87.0,0.4,277.83438,68.27500000000003
Malaysia,2003,Developing,138.0,0.48,28.8,96.0,96.0,0.1,4463.675893,73.0790000000001
Estonia,2007,Developing,189.0,17.87,56.3,95.0,95.0,0.1,16586.452,72.91499999999999
Kyrgyzstan,2003,Developing,217.0,3.52,37.0,98.0,98.0,0.1,16586.452,67.43449999999999
Luxembourg,2006,Developed,85.0,11.98,57.5,99.0,99.0,0.1,89739.7117,81.89150000000004
Barbados,2013,Developing,11.0,8.74,53.0,91.0,91.0,0.1,15472.7814,75.90900000000002
Switzerland,2001,Developed,75.0,11.12,51.3,95.0,93.0,0.1,38538.64447,82.31800000000001
Egypt,2010,Developing,173.0,0.22,57.0,97.0,97.0,0.1,38538.64447,70.31650000000005
Qatar,2002,Developing,85.0,0.87,64.1,96.0,96.0,0.1,2999.65492,76.21199999999989
Romania,2003,Developed,174.0,8.78,52.9,97.0,97.0,0.1,2774.95586,72.84099999999997
Brazil,2002,Developing,176.0,7.0,45.3,99.0,99.0,0.1,2819.649531,73.0525
Burkina Faso,2001,Developing,344.0,4.56,12.5,62.0,62.0,3.6,235.4912324,53.53050000000004
Bolivia (Plurinational State of),2006,Developing,219.0,3.23,46.7,82.0,83.0,0.2,235.4912324,66.52149999999988
Latvia,2002,Developed,219.0,7.44,56.0,98.0,97.0,0.1,4132.34927,70.77399999999997
Pakistan,2004,Developing,183.0,0.01,18.4,65.0,65.0,0.1,649.848233,64.605
Netherlands,2009,Developed,65.0,9.23,58.6,97.0,97.0,0.1,519.349,82.88850000000002
Iran (Islamic Republic of),2008,Developing,135.0,0.02,51.4,99.0,99.0,0.1,519.349,72.8845
Djibouti,2013,Developing,256.0,0.53,33.8,82.0,82.0,2.1,1622.637974,63.349999999999994
Honduras,2007,Developing,16.0,3.16,44.3,94.0,94.0,0.7,1592.572182,72.64350000000002
China,2010,Developing,92.0,5.75,28.1,99.0,99.0,0.1,456.512487,76.14650000000002
Burkina Faso,2008,Developing,288.0,4.5,15.6,92.0,93.0,1.5,569.7612784,58.292499999999976
Spain,2010,Developed,64.0,9.78,63.5,97.0,97.0,0.1,3736.228,83.44950000000004
Armenia,2003,Developing,134.0,3.03,48.1,96.0,94.0,0.1,93.1661567,73.539
Slovenia,2000,Developed,122.0,11.9,51.2,93.0,91.0,0.1,1227.73677,74.79850000000006
Israel,2008,Developing,65.0,2.47,62.1,94.0,94.0,0.1,29657.4421,81.53949999999999
Grenada,2002,Developing,176.0,10.71,38.8,98.0,98.0,0.1,5292.232379,72.97050000000006
Slovenia,2006,Developed,17.0,12.26,54.7,97.0,97.0,0.1,19726.1265,77.56649999999992
China,2011,Developing,91.0,5.63,29.0,99.0,99.0,0.1,5633.79616,76.12799999999996
Bosnia and Herzegovina,2003,Developing,12.0,4.14,49.4,87.0,87.0,0.1,2214.732246,75.21249999999995
Ghana,2011,Developing,263.0,1.64,26.1,91.0,91.0,1.3,1574.978653,62.22150000000007
Grenada,2004,Developing,187.0,8.43,39.9,84.0,83.0,0.1,5836.17763,72.63700000000009
Timor-Leste,2015,Developing,152.0,8.43,17.4,75.0,76.0,0.1,1161.76935,73.55900000000003
Fiji,2013,Developing,192.0,0.01,61.1,99.0,99.0,0.1,4763.68956,71.90800000000002
Burkina Faso,2000,Developing,348.0,3.71,12.2,45.0,45.0,4.0,226.4759814,54.03200000000002
Comoros,2013,Developing,233.0,0.01,23.2,85.0,87.0,0.8,834.341949,61.646
Liberia,2011,Developing,266.0,3.72,25.0,77.0,77.0,1.5,379.689583,61.35950000000003
Congo,2011,Developing,285.0,3.82,25.0,69.0,82.0,3.5,379.689583,59.834
Bangladesh,2008,Developing,147.0,0.01,14.0,96.0,96.0,0.1,615.7775411,70.90000000000002
Benin,2004,Developing,285.0,1.15,2.1,74.0,72.0,2.1,583.493514,55.775999999999975
Belarus,2008,Developing,224.0,14.67,58.2,98.0,97.0,0.1,6376.183153,70.64049999999996
Japan,2013,Developed,56.0,7.55,28.2,99.0,96.0,0.1,4454.44746,82.61549999999987
Estonia,2000,Developing,218.0,0.01,54.0,93.0,93.0,0.1,47.32827,67.50249999999994
Armenia,2015,Developing,118.0,0.01,54.9,96.0,94.0,0.1,369.654776,73.70650000000002
Vanuatu,2000,Developing,18.0,1.21,41.1,67.0,71.0,0.1,1469.849149,67.03200000000015
Comoros,2008,Developing,255.0,0.12,2.6,81.0,81.0,0.1,795.97519,62.17249999999999
Ghana,2014,Developing,253.0,0.01,28.0,93.0,98.0,0.8,1432.227943,62.879500000000014
Trinidad and Tobago,2005,Developing,189.0,6.12,37.6,95.0,95.0,0.5,12323.1275,71.26400000000001
United States of America,2006,Developed,113.0,8.63,64.4,93.0,96.0,0.1,12323.1275,76.31150000000001
Switzerland,2006,Developed,65.0,10.24,53.7,94.0,94.0,0.1,57348.92788,82.00900000000013
Kenya,2007,Developing,356.0,1.97,17.3,76.0,81.0,9.1,839.181117,56.18399999999994
Saint Vincent and the Grenadines,2003,Developing,184.0,5.1,42.9,99.0,99.0,0.4,839.181117,72.77600000000008
Armenia,2007,Developing,132.0,3.99,49.7,9.0,88.0,0.1,3138.8873,74.02699999999994
France,2003,Developing,99.0,13.49,56.4,96.0,97.0,0.1,29691.18158,77.46099999999993
Viet Nam,2002,Developing,137.0,2.03,1.0,92.0,75.0,0.2,29691.18158,72.67850000000007
Japan,2007,Developed,67.0,7.29,25.4,97.0,98.0,0.1,35275.22843,82.74700000000006
Grenada,2010,Developing,154.0,7.91,43.9,94.0,97.0,0.1,7365.666659,73.69050000000003
Belarus,2013,Developing,23.0,14.66,61.1,98.0,98.0,0.1,7978.825443,74.51699999999994
Sweden,2008,Developed,62.0,6.9,56.5,98.0,98.0,0.1,55746.84238,86.18600000000002
Slovenia,2009,Developed,9.0,10.52,56.4,96.0,96.0,0.1,24633.79785,79.11449999999986
Portugal,2001,Developed,11.0,12.22,5.9,96.0,97.0,0.1,11729.14616,77.21650000000007
South Africa,2004,Developing,497.0,6.96,42.9,73.0,74.0,29.7,4863.51688,53.848499999999916
Ghana,2000,Developing,38.0,1.6,19.5,88.0,88.0,3.6,263.1124679,56.51699999999997
Cambodia,2015,Developing,174.0,1.6,19.6,87.0,89.0,0.2,1163.18977,67.80599999999995
The former Yugoslav republic of Macedonia,2012,Developing,15.0,1.23,58.5,97.0,95.0,0.1,1163.18977,73.29200000000002
Congo,2013,Developing,274.0,0.01,26.2,85.0,85.0,3.0,1163.18977,61.69000000000002
Indonesia,2013,Developing,181.0,0.09,25.6,86.0,85.0,0.3,362.663981,67.25749999999994
Swaziland,2014,Developing,382.0,0.01,31.8,98.0,98.0,7.3,3464.35169,58.21050000000001
Liberia,2003,Developing,42.0,4.21,21.1,49.0,35.0,3.2,133.494518,52.73449999999999
Trinidad and Tobago,2010,Developing,179.0,6.5,42.0,91.0,9.0,0.4,16683.94578,73.58050000000009
Barbados,2011,Developing,14.0,8.51,51.4,91.0,91.0,0.1,15534.1574,74.97500000000005
Afghanistan,2003,Developing,295.0,0.01,13.4,41.0,41.0,0.1,198.7285436,57.007999999999946
France,2015,Developing,78.0,0.01,62.5,98.0,98.0,0.1,36526.7711,77.20299999999993
Burundi,2009,Developing,338.0,4.05,15.7,96.0,94.0,2.4,24.944652,57.615000000000066
Serbia,2014,Developing,123.0,9.09,59.4,93.0,93.0,0.1,62.173221,75.18849999999996
Thailand,2002,Developing,192.0,5.93,2.2,97.0,96.0,0.7,296.54617,70.64050000000007
Slovakia,2014,Developed,113.0,10.6,58.4,97.0,97.0,0.1,296.54617,76.12299999999993
Indonesia,2006,Developing,191.0,0.06,19.7,78.0,72.0,0.1,1586.254,66.34400000000001
Maldives,2009,Developing,75.0,1.59,21.2,98.0,98.0,0.1,597.1659,76.70900000000013
Canada,2002,Developing,79.0,7.7,59.3,88.0,88.0,0.1,24167.8431,79.95100000000001
South Africa,2013,Developing,371.0,7.34,49.5,73.0,73.0,4.5,6876.953821,56.887000000000015
Netherlands,2014,Developed,58.0,0.01,61.6,96.0,96.0,0.1,52157.4687,81.439
Switzerland,2014,Developed,51.0,9.61,57.0,96.0,96.0,0.1,85814.58857,82.69150000000002
The former Yugoslav republic of Macedonia,2014,Developing,12.0,1.13,59.7,96.0,95.0,0.1,85814.58857,77.83799999999997
Central African Republic,2009,Developing,453.0,1.56,19.8,45.0,42.0,7.3,449.961839,50.072499999999984
The former Yugoslav republic of Macedonia,2013,Developing,14.0,1.03,59.1,98.0,98.0,0.1,449.961839,74.5075
Greece,2004,Developing,81.0,9.56,59.9,95.0,95.0,0.1,21955.149,79.73249999999999
New Zealand,2013,Developed,69.0,9.18,66.4,92.0,92.0,0.1,42889.88141,83.59700000000007
Mozambique,2014,Developing,375.0,0.01,22.2,79.0,79.0,4.1,623.2871141,55.28900000000001
Jordan,2000,Developing,133.0,0.49,54.0,94.0,91.0,0.1,1657.889256,72.23400000000007
Estonia,2002,Developing,211.0,11.48,54.6,94.0,94.0,0.1,538.347781,71.84649999999992
Yemen,2004,Developing,247.0,0.06,33.3,72.0,72.0,0.1,538.347781,62.59000000000012
Portugal,2004,Developed,99.0,13.45,53.3,95.0,95.0,0.1,1845.5881,76.91299999999993
Vanuatu,2011,Developing,141.0,0.85,49.9,65.0,65.0,0.1,3275.91684,73.19449999999999
Brazil,2009,Developing,157.0,7.33,51.1,99.0,99.0,0.1,8553.3847,73.26649999999991
Solomon Islands,2010,Developing,188.0,1.1,46.4,94.0,9.0,0.1,1272.44825,68.86149999999999
Paraguay,2002,Developing,168.0,5.66,4.6,87.0,87.0,0.1,1148.229882,70.97350000000002
Belize,2012,Developing,189.0,6.66,48.5,98.0,98.0,0.1,4673.63848,71.6755
Somalia,2010,Developing,336.0,0.01,22.0,49.0,45.0,0.8,4673.63848,54.52299999999998
Slovakia,2004,Developed,138.0,10.03,52.6,99.0,99.0,0.1,4673.63848,74.34999999999992
Djibouti,2001,Developing,323.0,0.95,28.6,49.0,53.0,4.3,781.2322196,58.10799999999988
United States of America,2011,Developed,16.0,8.67,67.5,94.0,96.0,0.1,781.2322196,78.43450000000001
Slovenia,2005,Developed,14.0,11.14,54.1,95.0,95.0,0.1,18169.1891,75.52800000000009
Eritrea,2006,Developing,336.0,0.97,14.3,94.0,94.0,1.4,297.828588,56.79300000000008
Kuwait,2004,Developing,91.0,0.02,65.9,98.0,98.0,0.1,26921.8278,74.03500000000008
Gambia,2015,Developing,262.0,0.02,27.3,96.0,97.0,1.7,26921.8278,65.1655
Trinidad and Tobago,2006,Developing,188.0,6.35,38.4,89.0,92.0,0.6,1495.96337,70.28449999999997
Serbia,2008,Developing,132.0,9.54,55.8,95.0,95.0,0.1,671.773913,74.05950000000009
Cabo Verde,2007,Developing,126.0,5.28,25.5,98.0,98.0,0.6,3112.285712,72.71149999999997
Cabo Verde,2001,Developing,152.0,3.81,22.1,91.0,9.0,0.8,1268.884564,65.89899999999999
Saint Lucia,2011,Developing,143.0,10.43,44.5,99.0,99.0,0.1,1268.884564,74.70499999999998
Tunisia,2013,Developing,13.0,1.29,59.3,98.0,98.0,0.1,4199.47253,75.35499999999988
Brunei Darussalam,2002,Developing,95.0,0.13,28.0,99.0,94.0,0.1,16846.2198,75.35500000000003
Equatorial Guinea,2002,Developing,334.0,6.01,19.1,44.0,36.0,2.9,2711.17114,53.23950000000007
Papua New Guinea,2003,Developing,321.0,0.59,39.6,62.0,68.0,1.4,588.3582595,61.61550000000005
Ecuador,2011,Developing,131.0,3.99,51.4,85.0,88.0,0.1,5223.351763,74.5875
Mongolia,2004,Developing,284.0,1.75,41.3,99.0,99.0,0.1,797.8377432,63.52949999999997
Poland,2003,Developed,142.0,9.06,54.5,98.0,99.0,0.1,5693.52416,74.44249999999995
Ecuador,2003,Developing,151.0,3.69,45.8,97.0,87.0,0.3,244.46898,73.3475
Oman,2015,Developing,99.0,3.69,54.6,99.0,99.0,0.1,16627.36433,76.16949999999997
Senegal,2012,Developing,2.0,0.28,22.7,83.0,91.0,0.4,136.4518,71.28350000000003
Kuwait,2002,Developing,94.0,0.01,65.0,99.0,99.0,0.1,17789.41981,73.7825000000001
Sierra Leone,2005,Developing,48.0,3.83,19.2,67.0,65.0,2.2,287.6891942,51.38850000000003
Saudi Arabia,2014,Developing,88.0,0.09,67.3,98.0,98.0,0.1,24575.434,74.71299999999995
India,2012,Developing,19.0,3.1,17.0,79.0,82.0,0.2,1446.98541,69.79450000000004
Chad,2001,Developing,4.0,0.3,14.1,26.0,26.0,4.8,197.3156442,51.480500000000035
India,2013,Developing,187.0,3.11,17.5,82.0,83.0,0.2,1452.195373,68.24649999999988
Guinea-Bissau,2000,Developing,3.0,2.84,17.4,52.0,49.0,3.1,297.7519443,53.63350000000003
Mauritius,2008,Developing,166.0,2.49,29.7,99.0,99.0,0.1,83.635,69.83549999999997
Ghana,2015,Developing,249.0,2.49,28.6,88.0,88.0,0.7,1361.11395,62.403
Solomon Islands,2009,Developing,192.0,1.21,45.5,98.0,92.0,0.1,1158.282672,68.708
Ireland,2006,Developed,78.0,13.44,55.8,91.0,91.0,0.1,54326.9713,80.67899999999992
Israel,2010,Developing,61.0,2.63,63.0,95.0,95.0,0.1,3661.994,81.99249999999998
Fiji,2010,Developing,2.0,2.25,58.7,99.0,99.0,0.1,3651.966784,75.803
Uzbekistan,2009,Developing,183.0,2.56,4.0,99.0,98.0,0.2,1213.265328,69.19749999999985
France,2001,Developing,13.0,13.89,55.2,98.0,97.0,0.1,22527.31775,78.32949999999978
Kuwait,2011,Developing,85.0,0.02,69.0,99.0,99.0,0.1,48268.5912,74.41799999999998
Malaysia,2010,Developing,131.0,0.49,35.3,96.0,96.0,0.1,971.356987,73.5015
Singapore,2015,Developed,55.0,1.79,33.2,96.0,96.0,0.1,53629.73746,82.46349999999998
Côte d'Ivoire,2012,Developing,415.0,3.24,26.2,83.0,82.0,2.9,53629.73746,53.32299999999999
El Salvador,2014,Developing,181.0,2.52,55.4,93.0,94.0,0.2,3988.771871,72.877
Belarus,2002,Developing,262.0,12.23,55.3,99.0,99.0,0.1,1479.383142,67.01649999999994
Luxembourg,2009,Developed,76.0,11.42,58.8,96.0,99.0,0.1,13198.6693,83.75099999999999
Armenia,2002,Developing,134.0,2.86,47.8,96.0,94.0,0.1,783.261699,73.30800000000006
Turkmenistan,2014,Developing,217.0,2.9,47.7,98.0,98.0,0.1,7962.365824,67.45899999999997
Bahamas,2012,Developing,167.0,9.5,62.6,99.0,98.0,0.2,7962.365824,73.26099999999998
Papua New Guinea,2000,Developing,335.0,0.73,37.5,51.0,59.0,1.1,631.9468526,57.069000000000024
Belgium,2003,Developed,95.0,11.28,59.4,96.0,95.0,0.1,3743.95693,78.84300000000006
Nicaragua,2004,Developing,194.0,3.81,45.7,8.0,79.0,0.3,191.55157,71.26950000000002
Lesotho,2015,Developing,484.0,3.81,32.6,9.0,93.0,9.3,173.82893,54.516000000000005
Iran (Islamic Republic of),2013,Developing,83.0,0.01,57.2,98.0,98.0,0.1,173.82893,75.39899999999994
Dominican Republic,2002,Developing,189.0,6.43,45.1,74.0,82.0,2.4,38.46578,67.80749999999999
Liberia,2000,Developing,39.0,4.46,2.2,56.0,46.0,3.1,183.4149991,53.193499999999986
Singapore,2005,Developed,69.0,1.49,3.2,96.0,96.0,0.1,29869.85398,79.51600000000008
Serbia,2000,Developing,141.0,7.38,51.2,98.0,95.0,0.1,87.1365252,73.59300000000005
Israel,2009,Developing,63.0,2.55,62.6,96.0,96.0,0.1,27795.87671,81.41949999999999
Denmark,2010,Developed,84.0,10.28,57.0,9.0,9.0,0.1,5841.41122,79.52399999999993
Netherlands,2013,Developed,6.0,8.68,61.0,97.0,97.0,0.1,51574.48942,82.79450000000004
Solomon Islands,2000,Developing,235.0,0.71,37.9,88.0,86.0,0.1,154.518572,63.628499999999974
Kyrgyzstan,2004,Developing,218.0,3.41,37.5,98.0,99.0,0.1,154.518572,66.65249999999989
Slovenia,2013,Developed,78.0,9.53,58.9,95.0,95.0,0.1,2315.31799,84.87100000000004
Cabo Verde,2002,Developing,148.0,3.82,22.6,92.0,91.0,0.8,1373.515636,67.16449999999999
Kazakhstan,2002,Developing,276.0,5.99,44.8,95.0,95.0,0.1,1658.31146,64.57699999999994
Azerbaijan,2002,Developing,146.0,0.55,43.1,8.0,76.0,0.1,763.73858,70.22900000000003
Nepal,2015,Developing,165.0,0.55,19.1,9.0,91.0,0.1,743.7653489,68.21499999999989
Montenegro,2003,Developing,134.0,0.01,54.2,9.0,91.0,0.1,2789.1735,72.46750000000002
Malaysia,2009,Developing,131.0,0.47,34.4,97.0,97.0,0.1,7326.744435,73.71449999999986
Democratic Republic of the Congo,2000,Developing,346.0,1.98,14.9,42.0,4.0,2.5,7326.744435,53.93700000000003
Belarus,2001,Developing,254.0,10.74,54.9,99.0,99.0,0.1,1244.373185,67.12299999999996
Mali,2015,Developing,266.0,10.74,23.8,66.0,64.0,1.5,729.725338,60.568499999999965
United Kingdom of Great Britain and Northern Ireland,2003,Developed,86.0,11.85,59.5,91.0,91.0,0.1,729.725338,79.37349999999998
Nicaragua,2003,Developing,198.0,3.77,44.9,86.0,86.0,0.3,115.565314,70.36049999999999
Armenia,2011,Developing,128.0,4.09,51.9,96.0,95.0,0.1,3526.978143,74.33649999999987
Bolivia (Plurinational State of),2004,Developing,226.0,2.66,45.4,84.0,84.0,0.2,3526.978143,67.2639999999999
South Sudan,2008,Developing,377.0,2.66,45.4,84.0,84.0,4.2,1678.711862,55.848999999999954
Finland,2002,Developing,98.0,9.25,56.6,95.0,98.0,0.1,26834.2625,77.48250000000002
Cyprus,2010,Developed,59.0,11.32,57.8,99.0,99.0,0.1,3818.46396,82.37650000000004
Uruguay,2004,Developing,122.0,5.66,57.7,95.0,94.0,0.1,4117.38853,75.35649999999993
Belize,2010,Developing,186.0,6.76,47.0,96.0,96.0,0.2,4344.15177,72.536
United Republic of Tanzania,2009,Developing,368.0,3.97,2.2,88.0,85.0,6.4,4344.15177,56.896
Madagascar,2008,Developing,259.0,0.68,17.1,77.0,77.0,0.5,47.733254,62.777499999999975
Papua New Guinea,2002,Developing,327.0,0.61,38.9,54.0,61.0,1.4,511.665773,60.85950000000009
Lao People's Democratic Republic,2006,Developing,24.0,3.69,15.5,56.0,57.0,0.2,511.665773,68.4175
Bahrain,2012,Developing,71.0,1.7,61.5,99.0,99.0,0.1,23649.36661,77.94399999999989
Ukraine,2013,Developing,198.0,8.44,6.1,72.0,76.0,0.2,429.71554,68.83599999999993
Sweden,2001,Developed,73.0,6.6,53.4,99.0,99.0,0.1,26969.24457,80.88899999999994
Kenya,2003,Developing,437.0,1.49,15.5,75.0,73.0,14.5,436.6875357,52.01200000000003
Guinea-Bissau,2003,Developing,38.0,2.16,19.0,65.0,6.0,4.6,36.5718585,54.817999999999955
Micronesia (Federated States of),2005,Developing,178.0,1.9,63.6,94.0,94.0,0.1,36.5718585,68.56099999999996
Cuba,2010,Developing,98.0,4.13,57.7,99.0,96.0,0.1,5676.14143,76.45499999999997
Cameroon,2015,Developing,357.0,4.13,29.0,83.0,84.0,3.5,1244.429421,56.504000000000005
Gambia,2001,Developing,3.0,2.25,18.5,85.0,87.0,2.3,1244.429421,56.309
Dominican Republic,2013,Developing,157.0,5.93,56.8,82.0,83.0,0.3,627.55544,73.66899999999994
Somalia,2011,Developing,329.0,0.01,22.4,49.0,41.0,0.8,627.55544,55.948
Pakistan,2012,Developing,165.0,0.04,23.2,72.0,72.0,0.1,1261.28967,66.03450000000001
Malawi,2007,Developing,559.0,1.18,16.6,88.0,87.0,19.3,32.2227274,48.63550000000002
Yemen,2009,Developing,235.0,0.03,36.4,76.0,76.0,0.1,32.2227274,63.87799999999999
Tajikistan,2015,Developing,161.0,0.03,4.7,96.0,96.0,0.2,918.6771543,69.64499999999988
Sierra Leone,2006,Developing,464.0,3.8,19.7,65.0,64.0,2.2,322.313468,46.93500000000002
Mozambique,2004,Developing,429.0,1.54,18.1,69.0,83.0,15.9,336.3318145,53.755000000000024
Jamaica,2015,Developing,125.0,1.54,54.2,91.0,91.0,0.5,4965.989857,73.58699999999997
Namibia,2000,Developing,41.0,5.73,24.5,8.0,79.0,22.8,257.99557,49.414500000000025
Oman,2012,Developing,14.0,0.51,52.3,99.0,98.0,0.1,22134.916,76.08849999999987
Spain,2003,Developed,83.0,12.09,59.3,99.0,98.0,0.1,21495.7741,80.935
Tonga,2004,Developing,151.0,1.8,68.6,91.0,9.0,0.1,2284.37858,72.85949999999997
Belgium,2008,Developed,87.0,10.47,61.3,99.0,99.0,0.1,48424.58927,81.71650000000001
Montenegro,2001,Developing,136.0,0.01,52.7,99.0,99.0,0.1,199.583957,73.3225
Lesotho,2002,Developing,622.0,2.95,25.9,84.0,84.0,32.5,47.89395,45.76900000000005
Peru,2003,Developing,152.0,4.5,47.4,95.0,94.0,0.4,218.25997,73.01200000000006
Slovenia,2003,Developed,119.0,11.58,52.9,95.0,95.0,0.1,1488.47154,75.74000000000002
Botswana,2004,Developing,652.0,4.9,32.2,96.0,96.0,28.4,4896.583835,50.94249999999998
France,2004,Developing,94.0,13.18,57.0,99.0,98.0,0.1,33874.74255,79.1475
Mexico,2007,Developing,123.0,5.35,57.9,98.0,98.0,0.1,933.341687,75.36949999999993
Sao Tome and Principe,2005,Developing,222.0,5.27,23.4,97.0,97.0,1.6,81.86157,63.76499999999998
Croatia,2001,Developed,126.0,13.15,55.2,94.0,94.0,0.1,5245.421419,74.80750000000022
Malta,2009,Developed,63.0,7.38,67.1,73.0,73.0,0.1,2675.58259,81.41350000000003
Denmark,2011,Developed,79.0,10.47,57.4,91.0,91.0,0.1,61753.667,83.00699999999995
Tajikistan,2001,Developing,194.0,0.86,31.6,84.0,85.0,0.3,17.8159721,65.24449999999993
Switzerland,2005,Developed,66.0,10.15,53.2,94.0,94.0,0.1,54797.54663,82.25600000000006
Honduras,2002,Developing,169.0,3.09,4.4,95.0,95.0,1.5,1132.8721,64.5835
Mali,2012,Developing,27.0,0.01,21.9,72.0,66.0,1.5,777.3476868,59.29299999999996
Venezuela (Bolivarian Republic of),2001,Developing,169.0,8.05,54.1,87.0,7.0,0.1,777.3476868,73.63550000000008
Uganda,2001,Developing,539.0,10.57,13.3,56.0,55.0,10.8,234.984775,49.343000000000046
Côte d'Ivoire,2002,Developing,473.0,3.13,2.4,7.0,64.0,6.9,234.984775,49.08549999999998
Congo,2006,Developing,368.0,2.25,22.3,73.0,73.0,5.5,234.984775,54.15000000000002
Uzbekistan,2002,Developing,186.0,1.47,35.9,99.0,99.0,0.2,383.3494997,67.2150000000001
Germany,2009,Developed,79.0,11.22,59.5,95.0,96.0,0.1,41732.7725,82.44799999999998
Turkmenistan,2009,Developing,215.0,2.35,43.4,97.0,96.0,0.1,436.459223,66.24149999999992
Georgia,2015,Developing,129.0,2.35,56.2,91.0,94.0,0.1,3764.64912,74.50999999999998
Norway,2000,Developed,85.0,5.67,53.3,91.0,9.0,0.1,38146.71539,76.32950000000007
Swaziland,2009,Developing,46.0,4.9,29.3,89.0,88.0,33.7,332.517125,51.309000000000005
Chile,2012,Developing,84.0,6.76,61.8,9.0,9.0,0.1,15431.9293,80.99199999999993
Slovakia,2009,Developed,131.0,10.63,55.3,99.0,99.0,0.1,15431.9293,75.87850000000017
Peru,2014,Developing,125.0,0.01,54.9,78.0,88.0,0.1,6491.5245,73.90299999999998
Belize,2008,Developing,181.0,7.22,45.7,94.0,94.0,0.1,447.22796,72.05750000000006
Iceland,2006,Developed,61.0,7.2,57.4,97.0,97.0,0.1,5613.54115,82.35750000000006
Mongolia,2010,Developing,25.0,5.8,46.9,96.0,96.0,0.1,265.353659,69.6324999999999
Brazil,2014,Developing,144.0,7.32,55.3,96.0,93.0,0.1,1226.61731,74.05000000000004
Barbados,2015,Developing,98.0,7.32,54.5,97.0,97.0,0.1,15557.8381,76.651
Sierra Leone,2002,Developing,513.0,4.06,17.9,54.0,53.0,1.7,249.939542,45.062000000000054
Myanmar,2005,Developing,224.0,0.28,16.4,86.0,73.0,0.5,247.24276,64.24000000000001
Guatemala,2000,Developing,221.0,2.63,4.4,8.0,81.0,0.2,1655.596261,67.41999999999992
Uruguay,2010,Developing,118.0,6.21,61.2,95.0,95.0,0.1,11938.212,76.06649999999996
Marshall Islands,2013,Developing,118.0,0.01,81.6,79.0,79.0,0.1,3617.752354,72.57849999999999
Angola,2006,Developing,381.0,5.84,18.2,36.0,34.0,2.5,262.415149,49.13450000000005
Mauritania,2001,Developing,229.0,0.01,21.7,75.0,75.0,1.2,464.229758,61.55050000000003
Swaziland,2006,Developing,564.0,5.53,28.2,88.0,87.0,43.7,2937.36723,48.602000000000004
China,2014,Developing,86.0,5.78,31.9,99.0,99.0,0.1,7683.5238,76.8945
Yemen,2011,Developing,234.0,0.04,37.9,69.0,69.0,0.1,7683.5238,65.21650000000005
Belarus,2010,Developing,222.0,14.44,59.3,99.0,98.0,0.1,63.38877,71.01049999999992
Seychelles,2012,Developing,174.0,0.01,34.8,98.0,98.0,0.1,12845.17363,70.36650000000002
Madagascar,2015,Developing,22.0,0.01,2.5,71.0,69.0,0.3,41.8575951,64.91849999999997
Eritrea,2003,Developing,343.0,0.56,13.3,95.0,93.0,1.9,232.7945459,57.53800000000013
Kyrgyzstan,2012,Developing,18.0,0.01,42.2,94.0,96.0,0.1,232.7945459,72.1025
Morocco,2001,Developing,155.0,0.46,45.7,93.0,96.0,0.1,1336.775376,71.26600000000003
Ukraine,2008,Developing,273.0,9.46,57.6,91.0,9.0,0.4,3891.37823,63.52699999999995
Ecuador,2012,Developing,127.0,3.92,52.1,85.0,87.0,0.1,572.14313,74.8455
Democratic People's Republic of Korea,2013,Developing,146.0,3.35,31.8,99.0,93.0,0.1,572.14313,74.20450000000001
Burundi,2007,Developing,355.0,4.54,14.8,93.0,99.0,3.4,17.79995,56.35600000000008
Antigua and Barbuda,2010,Developing,138.0,7.84,44.4,99.0,98.0,0.1,12126.87614,75.22800000000011
Denmark,2008,Developed,88.0,10.7,56.3,88.0,88.0,0.1,64322.6664,79.28699999999998
Eritrea,2008,Developing,322.0,0.49,15.1,94.0,94.0,1.1,326.825642,58.58500000000001
United Kingdom of Great Britain and Northern Ireland,2002,Developed,87.0,11.44,58.8,91.0,91.0,0.1,326.825642,79.26799999999999
Ecuador,2007,Developing,14.0,3.63,48.6,95.0,96.0,0.2,359.71886,73.44200000000002
Sweden,2006,Developed,64.0,6.5,55.7,98.0,98.0,0.1,46256.4716,82.97650000000003
Timor-Leste,2002,Developing,261.0,0.48,12.6,38.0,54.0,0.1,48.61552,60.432499999999955
Ireland,2014,Developed,66.0,10.75,62.1,96.0,96.0,0.1,5553.32623,81.99650000000001
Tajikistan,2007,Developing,181.0,0.35,34.7,85.0,86.0,0.3,52.35956,66.12299999999983
Congo,2003,Developing,417.0,2.45,2.7,5.0,5.0,6.8,52.35956,50.45949999999999
Djibouti,2007,Developing,296.0,0.45,3.9,88.0,88.0,3.5,147.586896,58.56850000000003
Somalia,2012,Developing,336.0,0.01,22.9,47.0,42.0,0.8,147.586896,53.98899999999997
Djibouti,2004,Developing,326.0,1.18,29.8,64.0,64.0,4.0,864.184726,58.863499999999966
Finland,2003,Developing,98.0,9.31,57.1,96.0,98.0,0.1,32816.1688,77.69699999999997
Germany,2011,Developed,74.0,11.2,6.4,94.0,95.0,0.1,4681.32796,85.788
Romania,2004,Developed,165.0,9.82,53.4,97.0,97.0,0.1,3552.92452,72.60549999999998
Madagascar,2003,Developing,268.0,0.93,15.0,65.0,66.0,0.7,316.7998965,59.74500000000002
Oman,2002,Developing,13.0,0.54,47.3,99.0,99.0,0.1,8629.11774,74.043
Nigeria,2003,Developing,41.0,9.75,18.3,42.0,29.0,5.4,512.65719,51.0925
Benin,2008,Developing,278.0,1.28,22.0,77.0,75.0,1.8,82.1513498,57.29950000000001
Equatorial Guinea,2004,Developing,336.0,6.28,19.8,48.0,38.0,4.4,685.34897,54.30050000000002
Lao People's Democratic Republic,2015,Developing,194.0,6.28,21.7,89.0,89.0,0.2,685.34897,68.97000000000004
The former Yugoslav republic of Macedonia,2001,Developing,126.0,3.27,53.2,91.0,91.0,0.1,685.34897,74.15299999999993
Egypt,2006,Developing,175.0,0.18,54.2,98.0,98.0,0.1,685.34897,68.846
Madagascar,2004,Developing,267.0,0.81,15.4,74.0,78.0,0.6,245.1235876,62.97449999999996
Peru,2013,Developing,125.0,5.38,54.2,71.0,88.0,0.1,6583.116248,75.25099999999996
Seychelles,2007,Developing,185.0,8.12,31.2,99.0,99.0,0.1,12154.82994,72.29850000000016
Comoros,2011,Developing,241.0,0.12,22.1,85.0,83.0,0.2,829.7586885,62.82900000000002
Equatorial Guinea,2005,Developing,337.0,7.19,2.2,5.0,39.0,4.9,185.63334,53.27750000000002
Uruguay,2000,Developing,131.0,6.65,55.0,92.0,9.0,0.1,6871.897677,74.82949999999998
Zimbabwe,2014,Developing,371.0,6.5,31.3,92.0,91.0,6.3,127.47462,57.100000000000016
Trinidad and Tobago,2003,Developing,191.0,5.53,36.0,91.0,91.0,0.5,884.518666,70.32700000000004
Côte d'Ivoire,2007,Developing,443.0,2.58,23.2,75.0,76.0,5.3,884.518666,51.16899999999996
Canada,2003,Developing,78.0,7.7,6.0,88.0,91.0,0.1,28172.14883,81.51700000000002
Antigua and Barbuda,2003,Developing,151.0,7.16,4.1,99.0,99.0,0.1,9739.82556,73.94899999999993
Namibia,2006,Developing,431.0,4.94,28.7,74.0,86.0,19.2,3881.29535,53.98850000000003
Croatia,2007,Developed,114.0,12.56,58.7,96.0,96.0,0.1,13546.69872,76.09349999999996
Central African Republic,2005,Developing,511.0,1.5,18.2,47.0,54.0,11.2,327.1149461,49.21700000000003
Kyrgyzstan,2015,Developing,166.0,1.5,44.9,97.0,97.0,0.1,327.1149461,70.284
Lithuania,2005,Developed,222.0,12.3,58.4,93.0,94.0,0.1,7863.1629,72.05099999999995
Kyrgyzstan,2008,Developing,217.0,2.53,39.5,95.0,95.0,0.2,7863.1629,67.22750000000002
Guinea-Bissau,2005,Developing,37.0,3.1,2.1,73.0,68.0,5.4,424.9534585,54.207
Romania,2007,Developed,154.0,10.6,55.0,96.0,96.0,0.1,8214.185378,73.57649999999998
Norway,2010,Developed,66.0,6.59,58.9,93.0,93.0,0.1,87646.75346,83.62600000000002
Sudan,2004,Developing,278.0,1.59,58.9,74.0,74.0,0.2,565.569459,61.901999999999944
Costa Rica,2010,Developing,16.0,3.58,55.5,93.0,88.0,0.1,8199.414621,76.40600000000006
India,2014,Developing,184.0,3.07,18.1,84.0,85.0,0.2,1573.11889,68.54699999999991
Nigeria,2006,Developing,396.0,9.66,19.9,46.0,4.0,5.3,119.743286,52.56349999999997
Equatorial Guinea,2007,Developing,339.0,6.86,2.9,54.0,41.0,5.9,15761.83913,56.02400000000001
Cameroon,2013,Developing,364.0,0.01,27.8,88.0,89.0,4.0,1365.34419,56.594500000000046
Norway,2007,Developed,67.0,6.6,57.5,93.0,93.0,0.1,85128.65759,84.59350000000002
United Kingdom of Great Britain and Northern Ireland,2001,Developed,88.0,10.91,58.2,91.0,91.0,0.1,85128.65759,79.29499999999999
Sweden,2014,Developed,54.0,7.3,59.0,98.0,98.0,0.1,5918.19898,82.12899999999996
Saint Lucia,2007,Developing,151.0,12.68,41.3,99.0,99.0,0.1,5918.19898,74.03799999999997
Côte d'Ivoire,2009,Developing,426.0,2.92,24.4,77.0,81.0,3.7,5918.19898,53.67450000000001
Republic of Moldova,2011,Developing,177.0,9.45,5.9,96.0,93.0,0.1,5918.19898,71.81500000000001
Lebanon,2011,Developing,93.0,1.57,64.0,75.0,81.0,0.1,8734.9653,74.99549999999988
Solomon Islands,2007,Developing,2.0,0.85,43.8,93.0,9.0,0.1,146.931125,69.53750000000007
Bahamas,2009,Developing,168.0,9.29,6.7,97.0,96.0,0.1,146.931125,72.739
Angola,2004,Developing,386.0,3.53,17.2,4.0,4.0,2.5,141.86844,48.217500000000015
Congo,2012,Developing,273.0,0.01,25.6,61.0,85.0,3.3,141.86844,60.942999999999955
Chad,2013,Developing,366.0,0.64,18.2,46.0,39.0,3.1,986.13177,53.01850000000003
Qatar,2013,Developing,7.0,1.2,67.7,99.0,97.0,0.1,8834.87958,76.87299999999999
Angola,2014,Developing,348.0,8.33,22.7,68.0,64.0,2.0,479.31224,54.615500000000075
Montenegro,2012,Developing,11.0,0.01,6.2,94.0,94.0,0.1,6586.71929,75.59349999999986
Sweden,2010,Developed,58.0,7.2,57.3,98.0,98.0,0.1,5276.25591,82.9254999999999
Sri Lanka,2000,Developing,175.0,1.45,14.1,99.0,99.0,0.1,875.412178,67.65800000000006
Angola,2015,Developing,335.0,1.45,23.3,7.0,64.0,1.9,3695.793748,54.41100000000002
Democratic People's Republic of Korea,2001,Developing,177.0,2.53,25.7,98.0,62.0,0.1,3695.793748,68.584
United Arab Emirates,2008,Developing,85.0,1.86,54.8,94.0,92.0,0.1,45758.9554,76.45850000000009
Indonesia,2007,Developing,19.0,0.06,2.5,77.0,73.0,0.2,1855.93915,67.94300000000007
Saint Vincent and the Grenadines,2005,Developing,177.0,6.04,44.7,93.0,99.0,0.2,1855.93915,72.4685
Panama,2012,Developing,12.0,6.95,55.6,87.0,85.0,0.1,1589.82713,75.16750000000002
Costa Rica,2008,Developing,99.0,4.22,53.4,89.0,9.0,0.1,6911.136136,76.37799999999999
Iran (Islamic Republic of),2007,Developing,138.0,0.02,5.4,98.0,99.0,0.1,6911.136136,72.58299999999994
Qatar,2007,Developing,83.0,1.24,65.1,97.0,94.0,0.1,675.61258,76.31849999999987
Singapore,2008,Developed,64.0,1.7,31.2,97.0,97.0,0.1,39721.4818,80.74550000000016
Kuwait,2012,Developing,84.0,0.01,69.5,98.0,98.0,0.1,51264.7134,74.6945
Albania,2006,Developing,99.0,5.31,5.8,97.0,97.0,0.1,35.1293,75.92299999999996
Paraguay,2013,Developing,148.0,5.03,48.6,8.0,86.0,0.2,4479.95858,74.03300000000004
Rwanda,2011,Developing,247.0,8.34,18.9,93.0,97.0,1.3,617.317648,61.781499999999966
Benin,2011,Developing,251.0,1.4,23.5,77.0,75.0,1.4,825.9427854,59.56200000000002
Republic of Moldova,2010,Developing,219.0,8.25,5.4,97.0,9.0,0.1,825.9427854,67.92299999999997
Malaysia,2001,Developing,144.0,0.53,27.0,95.0,96.0,0.1,3915.11546,73.00900000000004
Republic of Korea,2011,Developing,72.0,9.34,3.0,98.0,99.0,0.1,3915.11546,84.57150000000003
Brazil,2006,Developing,161.0,7.1,48.6,99.0,99.0,0.1,586.145975,72.55750000000006
Haiti,2002,Developing,33.0,6.1,35.6,54.0,48.0,4.8,393.16327,60.34099999999993
Slovenia,2004,Developed,113.0,10.0,53.5,94.0,94.0,0.1,1726.9151,76.02749999999999
Venezuela (Bolivarian Republic of),2000,Developing,168.0,8.01,53.4,86.0,77.0,0.1,1726.9151,74.14700000000002
Seychelles,2015,Developing,168.0,8.01,37.4,97.0,97.0,0.1,1539.464,71.95500000000004
Iraq,2005,Developing,29.0,0.18,52.5,69.0,65.0,0.1,1849.63911,66.42949999999998
Montenegro,2006,Developing,13.0,5.38,56.5,9.0,9.0,0.1,4383.59597,75.92700000000006
Morocco,2011,Developing,14.0,0.54,54.6,98.0,99.0,0.1,339.91616,74.14200000000004
Mauritania,2007,Developing,219.0,0.02,25.5,75.0,75.0,1.3,113.3128,64.14999999999995
United Republic of Tanzania,2007,Developing,411.0,4.4,19.1,88.0,83.0,8.5,113.3128,53.90600000000005
Bhutan,2006,Developing,245.0,0.29,17.4,96.0,95.0,0.3,1335.45696,63.49600000000002
Republic of Korea,2015,Developing,64.0,0.29,31.7,98.0,98.0,0.1,1335.45696,80.13700000000003
Belgium,2015,Developed,74.0,0.29,63.7,99.0,99.0,0.1,4356.875,78.33699999999997
Haiti,2010,Developing,682.0,5.76,44.2,66.0,66.0,1.9,662.2795182,53.47650000000002
Colombia,2009,Developing,15.0,4.34,53.5,92.0,92.0,0.1,5148.422113,76.35999999999999
Montenegro,2009,Developing,117.0,6.45,58.5,91.0,92.0,0.1,6698.79439,75.75849999999993
Ireland,2002,Developed,88.0,14.17,52.9,83.0,83.0,0.1,32539.1937,77.88599999999992
Kazakhstan,2000,Developing,292.0,6.0,43.9,96.0,97.0,0.1,1229.958,63.993999999999886
Malaysia,2015,Developing,123.0,6.0,4.6,99.0,99.0,0.1,9643.644683,75.50000000000001
Botswana,2001,Developing,679.0,5.48,3.5,97.0,97.0,37.2,3128.97793,46.95000000000002
Turkey,2009,Developing,118.0,1.4,61.1,96.0,96.0,0.1,936.499911,74.34599999999993
Tunisia,2008,Developing,12.0,1.37,54.7,99.0,99.0,0.1,431.9326,73.8405
Botswana,2002,Developing,699.0,6.41,31.1,97.0,97.0,34.6,355.618382,47.44150000000003
Iraq,2014,Developing,199.0,0.01,58.5,67.0,64.0,0.1,673.74737,68.4885
Iceland,2011,Developed,51.0,8.13,59.3,95.0,95.0,0.1,46.217,83.28999999999998
Malawi,2001,Developing,599.0,1.15,14.4,86.0,9.0,25.1,146.7615397,46.13200000000007
Philippines,2006,Developing,219.0,4.08,2.6,88.0,88.0,0.1,1391.772325,68.32399999999994
Guinea,2005,Developing,327.0,0.21,18.5,59.0,59.0,2.7,33.424498,55.54700000000005
Cuba,2015,Developing,92.0,0.21,61.4,99.0,99.0,0.1,762.261218,75.54300000000003
The former Yugoslav republic of Macedonia,2007,Developing,12.0,1.75,55.9,96.0,95.0,0.1,762.261218,73.55649999999997
Madagascar,2002,Developing,271.0,0.9,14.7,61.0,62.0,0.7,262.2859481,59.02949999999999
Sao Tome and Principe,2003,Developing,225.0,6.54,22.2,94.0,94.0,1.6,649.342153,62.42049999999998
South Sudan,2012,Developing,347.0,6.54,22.2,64.0,59.0,3.8,958.45581,56.34400000000002
Georgia,2003,Developing,132.0,3.36,47.5,74.0,75.0,0.1,928.18227,73.46199999999992
Iceland,2007,Developed,59.0,7.53,57.8,97.0,97.0,0.1,68348.31817,83.56149999999998
Grenada,2009,Developing,158.0,8.42,43.1,99.0,99.0,0.1,7395.88125,73.38449999999995
Maldives,2005,Developing,93.0,1.47,18.0,98.0,98.0,0.1,3488.493769,75.11999999999992
Papua New Guinea,2010,Developing,286.0,0.79,44.9,72.0,67.0,1.1,1366.879112,62.0425
Chad,2005,Developing,46.0,0.42,15.4,37.0,25.0,5.2,66.2421396,50.52500000000002
Gabon,2012,Developing,276.0,8.3,34.6,8.0,82.0,4.9,9774.18117,62.52849999999999
Turkey,2007,Developing,124.0,1.26,59.3,96.0,96.0,0.1,979.49246,74.1484999999999
Singapore,2006,Developed,66.0,1.55,3.5,95.0,95.0,0.1,33579.85948,80.56000000000009
Paraguay,2005,Developing,163.0,6.38,42.8,96.0,96.0,0.2,157.145691,72.31749999999992
New Zealand,2014,Developed,67.0,9.07,66.9,93.0,93.0,0.1,4453.24673,82.20450000000007
Ecuador,2015,Developing,118.0,9.07,54.2,84.0,78.0,0.1,625.62224,76.45399999999992
Tonga,2012,Developing,138.0,0.01,73.8,79.0,77.0,0.1,451.542462,72.71350000000004
Samoa,2007,Developing,149.0,3.85,7.9,49.0,53.0,0.1,322.543121,72.26850000000005
Ecuador,2013,Developing,121.0,3.77,52.8,87.0,87.0,0.1,674.9829,75.19250000000001
South Africa,2011,Developing,413.0,7.38,47.9,69.0,69.0,8.5,849.954224,55.81849999999996
Montenegro,2011,Developing,113.0,6.56,59.7,95.0,95.0,0.1,7318.742449,75.82349999999992
Niue,2013,Developing,113.0,0.01,77.3,99.0,99.0,0.1,7318.742449,71.79949999999987
Democratic People's Republic of Korea,2006,Developing,165.0,3.28,28.2,98.0,89.0,0.1,7318.742449,69.4460000000001
Egypt,2014,Developing,161.0,0.21,6.2,94.0,94.0,0.1,7318.742449,71.55749999999988
Iraq,2008,Developing,167.0,0.17,54.5,71.0,69.0,0.1,4521.3247,70.017
Latvia,2001,Developed,228.0,6.68,55.7,97.0,97.0,0.1,3572.8513,70.88899999999995
Australia,2004,Developed,69.0,9.84,6.9,92.0,92.0,0.1,3472.37977,81.86750000000005
Sweden,2011,Developed,58.0,7.4,57.7,98.0,98.0,0.1,59593.28711,82.5595000000001
Mongolia,2003,Developing,271.0,1.31,4.5,98.0,98.0,0.1,646.561295,63.25649999999998
